-- MariaDB dump 10.19  Distrib 10.4.32-MariaDB, for Win64 (AMD64)
--
-- Host: localhost    Database: zafproctor
-- ------------------------------------------------------
-- Server version	10.4.32-MariaDB

/*!40101 SET @OLD_CHARACTER_SET_CLIENT=@@CHARACTER_SET_CLIENT */;
/*!40101 SET @OLD_CHARACTER_SET_RESULTS=@@CHARACTER_SET_RESULTS */;
/*!40101 SET @OLD_COLLATION_CONNECTION=@@COLLATION_CONNECTION */;
/*!40101 SET NAMES utf8mb4 */;
/*!40103 SET @OLD_TIME_ZONE=@@TIME_ZONE */;
/*!40103 SET TIME_ZONE='+00:00' */;
/*!40014 SET @OLD_UNIQUE_CHECKS=@@UNIQUE_CHECKS, UNIQUE_CHECKS=0 */;
/*!40014 SET @OLD_FOREIGN_KEY_CHECKS=@@FOREIGN_KEY_CHECKS, FOREIGN_KEY_CHECKS=0 */;
/*!40101 SET @OLD_SQL_MODE=@@SQL_MODE, SQL_MODE='NO_AUTO_VALUE_ON_ZERO' */;
/*!40111 SET @OLD_SQL_NOTES=@@SQL_NOTES, SQL_NOTES=0 */;

--
-- Current Database: `zafproctor`
--

CREATE DATABASE /*!32312 IF NOT EXISTS*/ `zafproct_zafproctor` /*!40100 DEFAULT CHARACTER SET utf8mb4 COLLATE utf8mb4_unicode_ci */;

USE `zafproct_zafproctor`;

--
-- Table structure for table `answers`
--

DROP TABLE IF EXISTS `answers`;
/*!40101 SET @saved_cs_client     = @@character_set_client */;
/*!40101 SET character_set_client = utf8 */;
CREATE TABLE `answers` (
  `id` bigint(20) unsigned NOT NULL AUTO_INCREMENT,
  `attempt_id` bigint(20) unsigned NOT NULL,
  `question_id` bigint(20) unsigned NOT NULL,
  `selected_option_id` bigint(20) unsigned DEFAULT NULL,
  `essay_answer` text DEFAULT NULL,
  `is_correct` tinyint(1) DEFAULT NULL,
  `points_earned` decimal(5,2) DEFAULT NULL,
  `feedback` text DEFAULT NULL,
  `answered_at` timestamp NULL DEFAULT NULL,
  `created_at` timestamp NULL DEFAULT NULL,
  `updated_at` timestamp NULL DEFAULT NULL,
  `deleted_at` timestamp NULL DEFAULT NULL,
  PRIMARY KEY (`id`),
  UNIQUE KEY `answers_attempt_id_question_id_unique` (`attempt_id`,`question_id`),
  KEY `answers_selected_option_id_foreign` (`selected_option_id`),
  KEY `answers_attempt_id_index` (`attempt_id`),
  KEY `answers_question_id_index` (`question_id`),
  CONSTRAINT `answers_attempt_id_foreign` FOREIGN KEY (`attempt_id`) REFERENCES `exam_attempts` (`id`) ON DELETE CASCADE,
  CONSTRAINT `answers_question_id_foreign` FOREIGN KEY (`question_id`) REFERENCES `questions` (`id`) ON DELETE CASCADE,
  CONSTRAINT `answers_selected_option_id_foreign` FOREIGN KEY (`selected_option_id`) REFERENCES `question_options` (`id`) ON DELETE SET NULL
) ENGINE=InnoDB AUTO_INCREMENT=286 DEFAULT CHARSET=utf8mb4 COLLATE=utf8mb4_unicode_ci;
/*!40101 SET character_set_client = @saved_cs_client */;

--
-- Dumping data for table `answers`
--

LOCK TABLES `answers` WRITE;
/*!40000 ALTER TABLE `answers` DISABLE KEYS */;
INSERT INTO `answers` VALUES (1,1,1,2,NULL,0,0.00,NULL,'2026-01-29 12:34:19','2026-01-29 12:34:19','2026-01-29 12:34:32',NULL),(2,1,2,6,NULL,1,5.00,NULL,'2026-01-29 12:34:21','2026-01-29 12:34:21','2026-01-29 12:34:32',NULL),(3,1,3,NULL,'asd',1,20.00,NULL,'2026-01-29 12:34:26','2026-01-29 12:34:26','2026-01-29 12:35:11',NULL),(4,2,4,9,NULL,1,10.00,NULL,'2026-01-29 14:08:14','2026-01-29 14:08:14','2026-01-29 14:08:22',NULL),(5,2,5,14,NULL,1,5.00,NULL,'2026-01-29 14:08:16','2026-01-29 14:08:16','2026-01-29 14:08:22',NULL),(6,2,6,NULL,'asdf',1,20.00,NULL,'2026-01-29 14:08:20','2026-01-29 14:08:18','2026-01-29 14:08:52',NULL),(7,3,13,33,NULL,1,10.00,NULL,'2026-01-29 16:09:15','2026-01-29 16:09:15','2026-01-29 16:10:03',NULL),(8,3,14,38,NULL,1,5.00,NULL,'2026-01-29 16:09:17','2026-01-29 16:09:17','2026-01-29 16:10:03',NULL),(9,3,15,NULL,'asd',NULL,NULL,NULL,'2026-01-29 16:10:01','2026-01-29 16:09:20','2026-01-29 16:10:01',NULL),(10,4,16,41,NULL,1,10.00,NULL,'2026-01-29 16:31:15','2026-01-29 16:31:13','2026-01-29 16:31:22',NULL),(11,4,17,46,NULL,1,5.00,NULL,'2026-01-29 16:31:16','2026-01-29 16:31:16','2026-01-29 16:31:22',NULL),(12,4,18,NULL,'asd',NULL,NULL,NULL,'2026-01-29 16:31:18','2026-01-29 16:31:18','2026-01-29 16:31:18',NULL),(13,8,19,NULL,NULL,1,10.00,NULL,'2026-01-29 16:39:10','2026-01-29 16:39:09','2026-04-12 04:43:47','2026-04-12 04:43:47'),(14,8,20,NULL,NULL,1,5.00,NULL,'2026-01-29 16:39:11','2026-01-29 16:39:11','2026-04-12 04:43:47','2026-04-12 04:43:47'),(15,8,21,NULL,'asd',NULL,NULL,NULL,'2026-01-29 16:39:15','2026-01-29 16:39:14','2026-04-12 04:43:47','2026-04-12 04:43:47'),(16,18,19,NULL,NULL,1,10.00,NULL,'2026-02-25 23:46:12','2026-02-25 23:46:12','2026-04-12 04:43:47','2026-04-12 04:43:47'),(17,18,20,NULL,NULL,1,5.00,NULL,'2026-02-25 23:46:14','2026-02-25 23:46:14','2026-04-12 04:43:47','2026-04-12 04:43:47'),(18,18,21,NULL,'03QUJAWS',NULL,NULL,NULL,'2026-02-25 23:47:01','2026-02-25 23:46:57','2026-04-12 04:43:47','2026-04-12 04:43:47'),(19,21,28,NULL,'Jelaskan pengertian Pancasila!',NULL,NULL,NULL,'2026-02-26 12:12:35','2026-02-26 12:12:08','2026-04-12 04:43:42','2026-04-12 04:43:42'),(20,23,27,NULL,NULL,1,5.00,NULL,'2026-02-26 13:14:09','2026-02-26 13:14:09','2026-04-12 04:43:42','2026-04-12 04:43:42'),(21,24,28,NULL,'ota Ind',NULL,NULL,NULL,'2026-02-26 14:15:53','2026-02-26 14:15:47','2026-04-12 04:43:42','2026-04-12 04:43:42'),(22,27,27,NULL,NULL,0,0.00,NULL,'2026-02-26 17:06:54','2026-02-26 17:06:54','2026-04-12 04:43:42','2026-04-12 04:43:42'),(23,27,28,NULL,'asdas',NULL,NULL,NULL,'2026-02-26 17:07:15','2026-02-26 17:07:15','2026-04-12 04:43:42','2026-04-12 04:43:42'),(30,36,20,NULL,NULL,1,5.00,NULL,'2026-03-18 20:45:45','2026-03-18 20:45:45','2026-04-12 04:43:47','2026-04-12 04:43:47'),(31,36,21,NULL,'yada',NULL,NULL,NULL,'2026-03-18 20:45:54','2026-03-18 20:45:54','2026-04-12 04:43:47','2026-04-12 04:43:47'),(32,38,72,NULL,NULL,1,10.00,NULL,'2026-04-07 03:56:16','2026-04-07 03:56:16','2026-04-12 04:43:38','2026-04-12 04:43:38'),(33,38,73,NULL,NULL,1,5.00,NULL,'2026-04-07 03:56:29','2026-04-07 03:56:29','2026-04-12 04:43:38','2026-04-12 04:43:38'),(34,38,74,NULL,'testos',NULL,NULL,NULL,'2026-04-07 03:56:38','2026-04-07 03:56:37','2026-04-12 04:43:38','2026-04-12 04:43:38'),(53,63,195,734,NULL,0,0.00,NULL,'2026-04-12 04:45:45','2026-04-12 04:45:45','2026-04-12 04:45:59',NULL),(54,63,196,738,NULL,1,5.00,NULL,'2026-04-12 04:45:48','2026-04-12 04:45:48','2026-04-12 04:45:59',NULL),(55,63,197,NULL,'asd',NULL,NULL,NULL,'2026-04-12 04:45:56','2026-04-12 04:45:54','2026-04-12 04:45:56',NULL),(74,89,318,NULL,NULL,0,0.00,NULL,'2026-04-20 02:37:49','2026-04-20 02:37:49','2026-04-20 08:50:36','2026-04-20 08:50:36'),(75,89,319,NULL,NULL,0,0.00,NULL,'2026-04-20 02:38:29','2026-04-20 02:38:29','2026-04-20 08:50:36','2026-04-20 08:50:36'),(76,89,320,NULL,'oke',NULL,NULL,NULL,'2026-04-20 02:45:07','2026-04-20 02:43:21','2026-04-20 08:50:36','2026-04-20 08:50:36'),(77,89,322,NULL,NULL,1,10.00,NULL,'2026-04-20 02:45:04','2026-04-20 02:45:04','2026-04-20 08:50:36','2026-04-20 08:50:36'),(78,90,318,NULL,NULL,1,10.00,NULL,'2026-04-20 02:46:20','2026-04-20 02:46:19','2026-04-20 08:50:36','2026-04-20 08:50:36'),(79,90,319,NULL,NULL,1,5.00,NULL,'2026-04-20 02:46:23','2026-04-20 02:46:23','2026-04-20 08:50:36','2026-04-20 08:50:36'),(122,147,318,NULL,NULL,0,0.00,NULL,'2026-04-20 07:55:07','2026-04-20 07:55:06','2026-04-20 08:50:36','2026-04-20 08:50:36'),(123,147,319,NULL,NULL,0,0.00,NULL,'2026-04-20 07:55:09','2026-04-20 07:55:09','2026-04-20 08:50:36','2026-04-20 08:50:36'),(124,147,320,NULL,'ndak tau',NULL,NULL,NULL,'2026-04-20 07:55:27','2026-04-20 07:55:12','2026-04-20 08:50:36','2026-04-20 08:50:36'),(131,156,318,NULL,NULL,1,10.00,NULL,'2026-04-20 08:10:08','2026-04-20 08:10:08','2026-04-20 08:50:36','2026-04-20 08:50:36'),(132,156,319,NULL,NULL,1,5.00,NULL,'2026-04-20 08:10:11','2026-04-20 08:10:11','2026-04-20 08:50:36','2026-04-20 08:50:36'),(133,156,320,NULL,'asd',NULL,NULL,NULL,'2026-04-20 08:10:56','2026-04-20 08:10:14','2026-04-20 08:50:36','2026-04-20 08:50:36'),(134,156,643,NULL,NULL,0,0.00,NULL,'2026-04-20 08:10:16','2026-04-20 08:10:16','2026-04-20 08:50:36','2026-04-20 08:50:36'),(135,157,644,NULL,NULL,1,10.00,NULL,'2026-04-20 08:52:49','2026-04-20 08:52:49','2026-04-20 09:04:46','2026-04-20 09:04:46'),(136,158,646,NULL,NULL,0,0.00,NULL,'2026-04-20 09:07:42','2026-04-20 09:07:02','2026-04-20 09:28:40','2026-04-20 09:28:40'),(137,158,647,NULL,NULL,1,5.00,NULL,'2026-04-20 09:07:44','2026-04-20 09:07:04','2026-04-20 09:28:40','2026-04-20 09:28:40'),(138,158,648,NULL,'asdas',NULL,NULL,NULL,'2026-04-20 09:07:54','2026-04-20 09:07:09','2026-04-20 09:28:40','2026-04-20 09:28:40'),(139,158,649,NULL,'asdas',NULL,NULL,NULL,'2026-04-20 09:07:54','2026-04-20 09:07:18','2026-04-20 09:28:40','2026-04-20 09:28:40'),(140,158,650,NULL,NULL,1,10.00,NULL,'2026-04-20 09:07:28','2026-04-20 09:07:28','2026-04-20 09:28:40','2026-04-20 09:28:40'),(195,253,691,2705,NULL,1,10.00,NULL,'2026-04-20 11:47:15','2026-04-20 11:47:14','2026-04-20 11:47:32',NULL),(208,278,691,2705,NULL,1,10.00,NULL,'2026-04-20 11:55:58','2026-04-20 11:55:57','2026-04-20 11:56:16',NULL),(227,322,691,2705,NULL,1,10.00,NULL,'2026-04-20 12:33:38','2026-04-20 12:33:38','2026-04-20 12:34:09',NULL),(228,323,691,2705,NULL,1,10.00,NULL,'2026-04-20 12:34:39','2026-04-20 12:34:39','2026-04-20 12:34:47',NULL),(229,323,692,2710,NULL,1,5.00,NULL,'2026-04-20 12:34:42','2026-04-20 12:34:42','2026-04-20 12:34:47',NULL),(230,323,693,NULL,'asas',1,20.00,NULL,'2026-04-20 12:34:45','2026-04-20 12:34:45','2026-04-25 03:45:34',NULL),(279,479,1722,6113,NULL,1,10.00,NULL,'2026-05-11 04:29:10','2026-05-11 04:29:10','2026-05-11 04:39:42',NULL),(280,479,1723,6118,NULL,1,5.00,NULL,'2026-05-11 04:29:18','2026-05-11 04:29:18','2026-05-11 04:39:42',NULL),(281,479,1724,NULL,'sila pertama ketuhanan yang maha esa\nsila kedua kemanusiaan yang adil dan beradab\nsila ketiga persatuan indonesia\nsila keempat kerakyatan yang dipimpin oleh hikmat kebijaksanaan dalam permusyawaratan perwakilan\nsila kelima keadilan sosial bagi seluruh rakyat indonesia',NULL,NULL,NULL,'2026-05-11 04:39:37','2026-05-11 04:30:18','2026-05-11 04:39:37',NULL),(282,480,1722,6113,NULL,1,10.00,NULL,'2026-05-13 05:28:58','2026-05-13 05:28:58','2026-05-13 05:29:46',NULL),(283,480,1723,6118,NULL,1,5.00,NULL,'2026-05-13 05:29:10','2026-05-13 05:29:00','2026-05-13 05:29:46',NULL),(284,480,1724,NULL,'asd',NULL,NULL,NULL,'2026-05-13 05:29:42','2026-05-13 05:29:30','2026-05-13 05:29:42',NULL),(285,484,195,736,NULL,0,0.00,NULL,'2026-06-13 11:08:09','2026-06-13 11:08:09','2026-06-13 11:08:33',NULL);
/*!40000 ALTER TABLE `answers` ENABLE KEYS */;
UNLOCK TABLES;

--
-- Table structure for table `audit_logs`
--

DROP TABLE IF EXISTS `audit_logs`;
/*!40101 SET @saved_cs_client     = @@character_set_client */;
/*!40101 SET character_set_client = utf8 */;
CREATE TABLE `audit_logs` (
  `id` bigint(20) unsigned NOT NULL AUTO_INCREMENT,
  `user_id` bigint(20) unsigned DEFAULT NULL,
  `action` varchar(255) NOT NULL,
  `model_type` varchar(255) DEFAULT NULL,
  `model_id` bigint(20) unsigned DEFAULT NULL,
  `old_values` longtext CHARACTER SET utf8mb4 COLLATE utf8mb4_bin DEFAULT NULL CHECK (json_valid(`old_values`)),
  `new_values` longtext CHARACTER SET utf8mb4 COLLATE utf8mb4_bin DEFAULT NULL CHECK (json_valid(`new_values`)),
  `ip_address` varchar(255) DEFAULT NULL,
  `user_agent` text DEFAULT NULL,
  `description` text DEFAULT NULL,
  `created_at` timestamp NULL DEFAULT NULL,
  `updated_at` timestamp NULL DEFAULT NULL,
  PRIMARY KEY (`id`),
  KEY `audit_logs_user_id_index` (`user_id`),
  KEY `audit_logs_action_index` (`action`),
  KEY `audit_logs_model_type_model_id_index` (`model_type`,`model_id`),
  KEY `audit_logs_created_at_index` (`created_at`),
  CONSTRAINT `audit_logs_user_id_foreign` FOREIGN KEY (`user_id`) REFERENCES `users` (`id`) ON DELETE SET NULL
) ENGINE=InnoDB AUTO_INCREMENT=877 DEFAULT CHARSET=utf8mb4 COLLATE=utf8mb4_unicode_ci;
/*!40101 SET character_set_client = @saved_cs_client */;

--
-- Dumping data for table `audit_logs`
--

LOCK TABLES `audit_logs` WRITE;
/*!40000 ALTER TABLE `audit_logs` DISABLE KEYS */;
INSERT INTO `audit_logs` VALUES (1,1,'login',NULL,NULL,NULL,NULL,'127.0.0.1','Mozilla/5.0 (Windows NT 10.0; Win64; x64) AppleWebKit/537.36 (KHTML, like Gecko) Chrome/144.0.0.0 Safari/537.36 Edg/144.0.0.0','User logged in','2026-01-29 12:19:30','2026-01-29 12:19:30'),(2,6,'create','App\\Models\\User',6,NULL,NULL,'127.0.0.1','Mozilla/5.0 (Windows NT 10.0; Win64; x64) AppleWebKit/537.36 (KHTML, like Gecko) Chrome/144.0.0.0 Safari/537.36 Edg/144.0.0.0','Siswa baru terdaftar','2026-01-29 12:29:39','2026-01-29 12:29:39'),(3,1,'logout',NULL,NULL,NULL,NULL,'127.0.0.1','Mozilla/5.0 (Windows NT 10.0; Win64; x64) AppleWebKit/537.36 (KHTML, like Gecko) Chrome/144.0.0.0 Safari/537.36 Edg/144.0.0.0','User logged out','2026-01-29 12:29:56','2026-01-29 12:29:56'),(4,NULL,'create','App\\Models\\User',7,NULL,NULL,'127.0.0.1','Mozilla/5.0 (Windows NT 10.0; Win64; x64) AppleWebKit/537.36 (KHTML, like Gecko) Chrome/144.0.0.0 Safari/537.36 Edg/144.0.0.0','Guru baru mendaftar (menunggu persetujuan)','2026-01-29 12:30:33','2026-01-29 12:30:33'),(5,1,'login',NULL,NULL,NULL,NULL,'127.0.0.1','Mozilla/5.0 (Windows NT 10.0; Win64; x64) AppleWebKit/537.36 (KHTML, like Gecko) Chrome/144.0.0.0 Safari/537.36 Edg/144.0.0.0','User logged in','2026-01-29 12:30:58','2026-01-29 12:30:58'),(6,7,'login',NULL,NULL,NULL,NULL,'127.0.0.1','Mozilla/5.0 (Windows NT 10.0; Win64; x64) AppleWebKit/537.36 (KHTML, like Gecko) Chrome/144.0.0.0 Safari/537.36 Edg/144.0.0.0','User logged in','2026-01-29 12:31:38','2026-01-29 12:31:38'),(7,1,'login',NULL,NULL,NULL,NULL,'127.0.0.1','Mozilla/5.0 (Windows NT 10.0; Win64; x64) AppleWebKit/537.36 (KHTML, like Gecko) Chrome/144.0.0.0 Safari/537.36 Edg/144.0.0.0','User logged in','2026-01-29 12:33:09','2026-01-29 12:33:09'),(8,6,'exam_start','App\\Models\\ExamAttempt',1,NULL,NULL,'127.0.0.1','Mozilla/5.0 (Windows NT 10.0; Win64; x64) AppleWebKit/537.36 (KHTML, like Gecko) Chrome/144.0.0.0 Safari/537.36 Edg/144.0.0.0','Started exam: asd','2026-01-29 12:34:13','2026-01-29 12:34:13'),(9,6,'exam_submit','App\\Models\\ExamAttempt',1,NULL,NULL,'127.0.0.1','Mozilla/5.0 (Windows NT 10.0; Win64; x64) AppleWebKit/537.36 (KHTML, like Gecko) Chrome/144.0.0.0 Safari/537.36 Edg/144.0.0.0','Submitted exam: asd','2026-01-29 12:34:32','2026-01-29 12:34:32'),(10,6,'logout',NULL,NULL,NULL,NULL,'127.0.0.1','Mozilla/5.0 (Windows NT 10.0; Win64; x64) AppleWebKit/537.36 (KHTML, like Gecko) Chrome/144.0.0.0 Safari/537.36 Edg/144.0.0.0','User logged out','2026-01-29 12:46:08','2026-01-29 12:46:08'),(11,6,'login',NULL,NULL,NULL,NULL,'127.0.0.1','Mozilla/5.0 (Windows NT 10.0; Win64; x64) AppleWebKit/537.36 (KHTML, like Gecko) Chrome/144.0.0.0 Safari/537.36 Edg/144.0.0.0','User logged in','2026-01-29 12:46:18','2026-01-29 12:46:18'),(12,1,'logout',NULL,NULL,NULL,NULL,'127.0.0.1','Mozilla/5.0 (Windows NT 10.0; Win64; x64) AppleWebKit/537.36 (KHTML, like Gecko) Chrome/144.0.0.0 Safari/537.36 Edg/144.0.0.0','User logged out','2026-01-29 13:39:57','2026-01-29 13:39:57'),(13,6,'exam_start','App\\Models\\ExamAttempt',2,NULL,NULL,'127.0.0.1','Mozilla/5.0 (Windows NT 10.0; Win64; x64) AppleWebKit/537.36 (KHTML, like Gecko) Chrome/144.0.0.0 Safari/537.36 Edg/144.0.0.0','Started exam: asw','2026-01-29 14:07:04','2026-01-29 14:07:04'),(14,6,'exam_submit','App\\Models\\ExamAttempt',2,NULL,NULL,'127.0.0.1','Mozilla/5.0 (Windows NT 10.0; Win64; x64) AppleWebKit/537.36 (KHTML, like Gecko) Chrome/144.0.0.0 Safari/537.36 Edg/144.0.0.0','Submitted exam: asw','2026-01-29 14:08:22','2026-01-29 14:08:22'),(15,6,'logout',NULL,NULL,NULL,NULL,'127.0.0.1','Mozilla/5.0 (Windows NT 10.0; Win64; x64) AppleWebKit/537.36 (KHTML, like Gecko) Chrome/144.0.0.0 Safari/537.36 Edg/144.0.0.0','User logged out','2026-01-29 14:38:38','2026-01-29 14:38:38'),(16,6,'login',NULL,NULL,NULL,NULL,'127.0.0.1','Mozilla/5.0 (Windows NT 10.0; Win64; x64) AppleWebKit/537.36 (KHTML, like Gecko) Chrome/144.0.0.0 Safari/537.36 Edg/144.0.0.0','User logged in','2026-01-29 16:02:23','2026-01-29 16:02:23'),(17,7,'login',NULL,NULL,NULL,NULL,'127.0.0.1','Mozilla/5.0 (Windows NT 10.0; Win64; x64) AppleWebKit/537.36 (KHTML, like Gecko) Chrome/144.0.0.0 Safari/537.36 Edg/144.0.0.0','User logged in','2026-01-29 16:02:34','2026-01-29 16:02:34'),(18,6,'exam_start','App\\Models\\ExamAttempt',3,NULL,NULL,'127.0.0.1','Mozilla/5.0 (Windows NT 10.0; Win64; x64) AppleWebKit/537.36 (KHTML, like Gecko) Chrome/144.0.0.0 Safari/537.36 Edg/144.0.0.0','Started exam: asq','2026-01-29 16:09:09','2026-01-29 16:09:09'),(19,6,'exam_submit','App\\Models\\ExamAttempt',3,NULL,NULL,'127.0.0.1','Mozilla/5.0 (Windows NT 10.0; Win64; x64) AppleWebKit/537.36 (KHTML, like Gecko) Chrome/144.0.0.0 Safari/537.36 Edg/144.0.0.0','Submitted exam: asq','2026-01-29 16:10:03','2026-01-29 16:10:03'),(20,6,'exam_start','App\\Models\\ExamAttempt',4,NULL,NULL,'127.0.0.1','Mozilla/5.0 (Windows NT 10.0; Win64; x64) AppleWebKit/537.36 (KHTML, like Gecko) Chrome/144.0.0.0 Safari/537.36 Edg/144.0.0.0','Started exam: asd','2026-01-29 16:31:11','2026-01-29 16:31:11'),(21,6,'exam_submit','App\\Models\\ExamAttempt',4,NULL,NULL,'127.0.0.1','Mozilla/5.0 (Windows NT 10.0; Win64; x64) AppleWebKit/537.36 (KHTML, like Gecko) Chrome/144.0.0.0 Safari/537.36 Edg/144.0.0.0','Submitted exam: asd','2026-01-29 16:31:22','2026-01-29 16:31:22'),(22,6,'exam_start','App\\Models\\ExamAttempt',8,NULL,NULL,'127.0.0.1','Mozilla/5.0 (Windows NT 10.0; Win64; x64) AppleWebKit/537.36 (KHTML, like Gecko) Chrome/144.0.0.0 Safari/537.36 Edg/144.0.0.0','Started exam: asd','2026-01-29 16:39:04','2026-01-29 16:39:04'),(23,6,'exam_submit','App\\Models\\ExamAttempt',8,NULL,NULL,'127.0.0.1','Mozilla/5.0 (Windows NT 10.0; Win64; x64) AppleWebKit/537.36 (KHTML, like Gecko) Chrome/144.0.0.0 Safari/537.36 Edg/144.0.0.0','Submitted exam: asd','2026-01-29 16:39:17','2026-01-29 16:39:17'),(24,6,'exam_start','App\\Models\\ExamAttempt',16,NULL,NULL,'127.0.0.1','Mozilla/5.0 (Windows NT 10.0; Win64; x64) AppleWebKit/537.36 (KHTML, like Gecko) Chrome/144.0.0.0 Safari/537.36 Edg/144.0.0.0','Started exam: asd','2026-01-29 16:53:56','2026-01-29 16:53:56'),(25,6,'violation','App\\Models\\ProctoringLog',1,NULL,NULL,'127.0.0.1','Mozilla/5.0 (Windows NT 10.0; Win64; x64) AppleWebKit/537.36 (KHTML, like Gecko) Chrome/144.0.0.0 Safari/537.36 Edg/144.0.0.0','Proctoring violation: fullscreen_exit','2026-01-29 16:54:03','2026-01-29 16:54:03'),(26,6,'violation','App\\Models\\ProctoringLog',2,NULL,NULL,'127.0.0.1','Mozilla/5.0 (Windows NT 10.0; Win64; x64) AppleWebKit/537.36 (KHTML, like Gecko) Chrome/144.0.0.0 Safari/537.36 Edg/144.0.0.0','Proctoring violation: fullscreen_exit','2026-01-29 16:54:03','2026-01-29 16:54:03'),(27,6,'violation','App\\Models\\ProctoringLog',3,NULL,NULL,'127.0.0.1','Mozilla/5.0 (Windows NT 10.0; Win64; x64) AppleWebKit/537.36 (KHTML, like Gecko) Chrome/144.0.0.0 Safari/537.36 Edg/144.0.0.0','Proctoring violation: fullscreen_exit','2026-01-29 16:54:06','2026-01-29 16:54:06'),(28,6,'violation','App\\Models\\ProctoringLog',4,NULL,NULL,'127.0.0.1','Mozilla/5.0 (Windows NT 10.0; Win64; x64) AppleWebKit/537.36 (KHTML, like Gecko) Chrome/144.0.0.0 Safari/537.36 Edg/144.0.0.0','Proctoring violation: fullscreen_exit','2026-01-29 16:54:07','2026-01-29 16:54:07'),(29,6,'violation','App\\Models\\ProctoringLog',5,NULL,NULL,'127.0.0.1','Mozilla/5.0 (Windows NT 10.0; Win64; x64) AppleWebKit/537.36 (KHTML, like Gecko) Chrome/144.0.0.0 Safari/537.36 Edg/144.0.0.0','Proctoring violation: fullscreen_exit','2026-01-29 16:54:07','2026-01-29 16:54:07'),(30,6,'violation','App\\Models\\ProctoringLog',6,NULL,NULL,'127.0.0.1','Mozilla/5.0 (Windows NT 10.0; Win64; x64) AppleWebKit/537.36 (KHTML, like Gecko) Chrome/144.0.0.0 Safari/537.36 Edg/144.0.0.0','Proctoring violation: fullscreen_exit','2026-01-29 16:54:08','2026-01-29 16:54:08'),(31,6,'exam_submit','App\\Models\\ExamAttempt',16,NULL,NULL,'127.0.0.1','Mozilla/5.0 (Windows NT 10.0; Win64; x64) AppleWebKit/537.36 (KHTML, like Gecko) Chrome/144.0.0.0 Safari/537.36 Edg/144.0.0.0','Submitted exam: asd (auto)','2026-01-29 16:54:08','2026-01-29 16:54:08'),(32,NULL,'create','App\\Models\\User',8,NULL,NULL,'127.0.0.1','Mozilla/5.0 (Windows NT 10.0; Win64; x64) AppleWebKit/537.36 (KHTML, like Gecko) Chrome/144.0.0.0 Safari/537.36 Edg/144.0.0.0','Siswa baru terdaftar','2026-02-04 23:30:11','2026-02-04 23:30:11'),(33,NULL,'create','App\\Models\\User',9,NULL,NULL,'127.0.0.1','Mozilla/5.0 (Windows NT 10.0; Win64; x64) AppleWebKit/537.36 (KHTML, like Gecko) Chrome/144.0.0.0 Safari/537.36 Edg/144.0.0.0','Guru baru mendaftar (menunggu persetujuan)','2026-02-04 23:35:18','2026-02-04 23:35:18'),(34,1,'login',NULL,NULL,NULL,NULL,'127.0.0.1','Mozilla/5.0 (Windows NT 10.0; Win64; x64) AppleWebKit/537.36 (KHTML, like Gecko) Chrome/144.0.0.0 Safari/537.36 Edg/144.0.0.0','User logged in','2026-02-04 23:35:47','2026-02-04 23:35:47'),(35,1,'logout',NULL,NULL,NULL,NULL,'127.0.0.1','Mozilla/5.0 (Windows NT 10.0; Win64; x64) AppleWebKit/537.36 (KHTML, like Gecko) Chrome/144.0.0.0 Safari/537.36 Edg/144.0.0.0','User logged out','2026-02-04 23:36:37','2026-02-04 23:36:37'),(36,1,'login',NULL,NULL,NULL,NULL,'127.0.0.1','Mozilla/5.0 (Windows NT 10.0; Win64; x64) AppleWebKit/537.36 (KHTML, like Gecko) Chrome/144.0.0.0 Safari/537.36 Edg/144.0.0.0','User logged in','2026-02-04 23:38:05','2026-02-04 23:38:05'),(37,1,'logout',NULL,NULL,NULL,NULL,'127.0.0.1','Mozilla/5.0 (Windows NT 10.0; Win64; x64) AppleWebKit/537.36 (KHTML, like Gecko) Chrome/144.0.0.0 Safari/537.36 Edg/144.0.0.0','User logged out','2026-02-04 23:39:27','2026-02-04 23:39:27'),(38,1,'login',NULL,NULL,NULL,NULL,'127.0.0.1','Mozilla/5.0 (Windows NT 10.0; Win64; x64) AppleWebKit/537.36 (KHTML, like Gecko) Chrome/144.0.0.0 Safari/537.36 Edg/144.0.0.0','User logged in','2026-02-04 23:40:51','2026-02-04 23:40:51'),(39,1,'logout',NULL,NULL,NULL,NULL,'127.0.0.1','Mozilla/5.0 (Windows NT 10.0; Win64; x64) AppleWebKit/537.36 (KHTML, like Gecko) Chrome/144.0.0.0 Safari/537.36 Edg/144.0.0.0','User logged out','2026-02-04 23:41:28','2026-02-04 23:41:28'),(40,NULL,'login',NULL,NULL,NULL,NULL,'127.0.0.1','Mozilla/5.0 (Windows NT 10.0; Win64; x64) AppleWebKit/537.36 (KHTML, like Gecko) Chrome/144.0.0.0 Safari/537.36 Edg/144.0.0.0','User logged in','2026-02-04 23:41:45','2026-02-04 23:41:45'),(41,NULL,'logout',NULL,NULL,NULL,NULL,'127.0.0.1','Mozilla/5.0 (Windows NT 10.0; Win64; x64) AppleWebKit/537.36 (KHTML, like Gecko) Chrome/144.0.0.0 Safari/537.36 Edg/144.0.0.0','User logged out','2026-02-04 23:42:55','2026-02-04 23:42:55'),(42,1,'login',NULL,NULL,NULL,NULL,'127.0.0.1','Mozilla/5.0 (Windows NT 10.0; Win64; x64) AppleWebKit/537.36 (KHTML, like Gecko) Chrome/144.0.0.0 Safari/537.36 Edg/144.0.0.0','User logged in','2026-02-04 23:43:07','2026-02-04 23:43:07'),(43,1,'logout',NULL,NULL,NULL,NULL,'127.0.0.1','Mozilla/5.0 (Windows NT 10.0; Win64; x64) AppleWebKit/537.36 (KHTML, like Gecko) Chrome/144.0.0.0 Safari/537.36 Edg/144.0.0.0','User logged out','2026-02-04 23:46:20','2026-02-04 23:46:20'),(44,NULL,'login',NULL,NULL,NULL,NULL,'127.0.0.1','Mozilla/5.0 (Windows NT 10.0; Win64; x64) AppleWebKit/537.36 (KHTML, like Gecko) Chrome/144.0.0.0 Safari/537.36 Edg/144.0.0.0','User logged in','2026-02-04 23:48:32','2026-02-04 23:48:32'),(45,NULL,'login',NULL,NULL,NULL,NULL,'127.0.0.1','Mozilla/5.0 (Windows NT 10.0; Win64; x64) AppleWebKit/537.36 (KHTML, like Gecko) Chrome/144.0.0.0 Safari/537.36 Edg/144.0.0.0','User logged in','2026-02-05 00:18:33','2026-02-05 00:18:33'),(46,NULL,'logout',NULL,NULL,NULL,NULL,'127.0.0.1','Mozilla/5.0 (Windows NT 10.0; Win64; x64) AppleWebKit/537.36 (KHTML, like Gecko) Chrome/144.0.0.0 Safari/537.36 Edg/144.0.0.0','User logged out','2026-02-05 00:24:41','2026-02-05 00:24:41'),(47,NULL,'login',NULL,NULL,NULL,NULL,'127.0.0.1','Mozilla/5.0 (Windows NT 10.0; Win64; x64) AppleWebKit/537.36 (KHTML, like Gecko) Chrome/144.0.0.0 Safari/537.36 Edg/144.0.0.0','User logged in','2026-02-05 00:25:20','2026-02-05 00:25:20'),(48,6,'login',NULL,NULL,NULL,NULL,'127.0.0.1','Mozilla/5.0 (Windows NT 10.0; Win64; x64) AppleWebKit/537.36 (KHTML, like Gecko) Chrome/144.0.0.0 Safari/537.36 Edg/144.0.0.0','User logged in','2026-02-05 09:24:06','2026-02-05 09:24:06'),(49,6,'logout',NULL,NULL,NULL,NULL,'127.0.0.1','Mozilla/5.0 (Windows NT 10.0; Win64; x64) AppleWebKit/537.36 (KHTML, like Gecko) Chrome/144.0.0.0 Safari/537.36 Edg/144.0.0.0','User logged out','2026-02-05 09:28:47','2026-02-05 09:28:47'),(50,1,'login',NULL,NULL,NULL,NULL,'127.0.0.1','Mozilla/5.0 (Windows NT 10.0; Win64; x64) AppleWebKit/537.36 (KHTML, like Gecko) Chrome/144.0.0.0 Safari/537.36 Edg/144.0.0.0','User logged in','2026-02-05 09:28:54','2026-02-05 09:28:54'),(51,1,'logout',NULL,NULL,NULL,NULL,'127.0.0.1','Mozilla/5.0 (Windows NT 10.0; Win64; x64) AppleWebKit/537.36 (KHTML, like Gecko) Chrome/144.0.0.0 Safari/537.36 Edg/144.0.0.0','User logged out','2026-02-05 09:31:03','2026-02-05 09:31:03'),(52,7,'login',NULL,NULL,NULL,NULL,'127.0.0.1','Mozilla/5.0 (Windows NT 10.0; Win64; x64) AppleWebKit/537.36 (KHTML, like Gecko) Chrome/144.0.0.0 Safari/537.36 Edg/144.0.0.0','User logged in','2026-02-05 09:31:10','2026-02-05 09:31:10'),(53,7,'logout',NULL,NULL,NULL,NULL,'127.0.0.1','Mozilla/5.0 (Windows NT 10.0; Win64; x64) AppleWebKit/537.36 (KHTML, like Gecko) Chrome/144.0.0.0 Safari/537.36 Edg/144.0.0.0','User logged out','2026-02-05 09:44:42','2026-02-05 09:44:42'),(54,NULL,'login',NULL,NULL,NULL,NULL,'127.0.0.1','Mozilla/5.0 (Windows NT 10.0; Win64; x64) AppleWebKit/537.36 (KHTML, like Gecko) Chrome/144.0.0.0 Safari/537.36 Edg/144.0.0.0','User logged in','2026-02-05 09:44:57','2026-02-05 09:44:57'),(55,NULL,'logout',NULL,NULL,NULL,NULL,'127.0.0.1','Mozilla/5.0 (Windows NT 10.0; Win64; x64) AppleWebKit/537.36 (KHTML, like Gecko) Chrome/144.0.0.0 Safari/537.36 Edg/144.0.0.0','User logged out','2026-02-05 09:45:52','2026-02-05 09:45:52'),(56,7,'login',NULL,NULL,NULL,NULL,'127.0.0.1','Mozilla/5.0 (Windows NT 10.0; Win64; x64) AppleWebKit/537.36 (KHTML, like Gecko) Chrome/144.0.0.0 Safari/537.36 Edg/144.0.0.0','User logged in','2026-02-05 09:46:02','2026-02-05 09:46:02'),(57,7,'logout',NULL,NULL,NULL,NULL,'127.0.0.1','Mozilla/5.0 (Windows NT 10.0; Win64; x64) AppleWebKit/537.36 (KHTML, like Gecko) Chrome/144.0.0.0 Safari/537.36 Edg/144.0.0.0','User logged out','2026-02-05 17:00:24','2026-02-05 17:00:24'),(58,NULL,'login',NULL,NULL,NULL,NULL,'127.0.0.1','Mozilla/5.0 (Windows NT 10.0; Win64; x64) AppleWebKit/537.36 (KHTML, like Gecko) Chrome/144.0.0.0 Safari/537.36 Edg/144.0.0.0','User logged in','2026-02-05 17:00:33','2026-02-05 17:00:33'),(59,NULL,'logout',NULL,NULL,NULL,NULL,'127.0.0.1','Mozilla/5.0 (Windows NT 10.0; Win64; x64) AppleWebKit/537.36 (KHTML, like Gecko) Chrome/144.0.0.0 Safari/537.36 Edg/144.0.0.0','User logged out','2026-02-05 17:04:27','2026-02-05 17:04:27'),(60,7,'login',NULL,NULL,NULL,NULL,'127.0.0.1','Mozilla/5.0 (Windows NT 10.0; Win64; x64) AppleWebKit/537.36 (KHTML, like Gecko) Chrome/144.0.0.0 Safari/537.36 Edg/144.0.0.0','User logged in','2026-02-05 17:04:34','2026-02-05 17:04:34'),(61,6,'login',NULL,NULL,NULL,NULL,'127.0.0.1','Mozilla/5.0 (Windows NT 10.0; Win64; x64) AppleWebKit/537.36 (KHTML, like Gecko) Chrome/145.0.0.0 Safari/537.36 Edg/145.0.0.0','User logged in','2026-02-22 09:37:48','2026-02-22 09:37:48'),(62,6,'logout',NULL,NULL,NULL,NULL,'127.0.0.1','Mozilla/5.0 (Windows NT 10.0; Win64; x64) AppleWebKit/537.36 (KHTML, like Gecko) Chrome/145.0.0.0 Safari/537.36 Edg/145.0.0.0','User logged out','2026-02-22 10:58:40','2026-02-22 10:58:40'),(63,6,'login',NULL,NULL,NULL,NULL,'127.0.0.1','Mozilla/5.0 (Windows NT 10.0; Win64; x64) AppleWebKit/537.36 (KHTML, like Gecko) Chrome/145.0.0.0 Safari/537.36 Edg/145.0.0.0','User logged in','2026-02-22 12:52:47','2026-02-22 12:52:47'),(64,6,'logout',NULL,NULL,NULL,NULL,'127.0.0.1','Mozilla/5.0 (Windows NT 10.0; Win64; x64) AppleWebKit/537.36 (KHTML, like Gecko) Chrome/145.0.0.0 Safari/537.36 Edg/145.0.0.0','User logged out','2026-02-22 13:00:43','2026-02-22 13:00:43'),(65,7,'login',NULL,NULL,NULL,NULL,'127.0.0.1','Mozilla/5.0 (Windows NT 10.0; Win64; x64) AppleWebKit/537.36 (KHTML, like Gecko) Chrome/145.0.0.0 Safari/537.36 Edg/145.0.0.0','User logged in','2026-02-22 22:18:15','2026-02-22 22:18:15'),(66,7,'logout',NULL,NULL,NULL,NULL,'127.0.0.1','Mozilla/5.0 (Windows NT 10.0; Win64; x64) AppleWebKit/537.36 (KHTML, like Gecko) Chrome/145.0.0.0 Safari/537.36 Edg/145.0.0.0','User logged out','2026-02-22 22:19:05','2026-02-22 22:19:05'),(67,6,'login',NULL,NULL,NULL,NULL,'127.0.0.1','Mozilla/5.0 (Windows NT 10.0; Win64; x64) AppleWebKit/537.36 (KHTML, like Gecko) Chrome/145.0.0.0 Safari/537.36 Edg/145.0.0.0','User logged in','2026-02-22 22:38:34','2026-02-22 22:38:34'),(68,6,'logout',NULL,NULL,NULL,NULL,'127.0.0.1','Mozilla/5.0 (Windows NT 10.0; Win64; x64) AppleWebKit/537.36 (KHTML, like Gecko) Chrome/145.0.0.0 Safari/537.36 Edg/145.0.0.0','User logged out','2026-02-22 23:15:22','2026-02-22 23:15:22'),(69,6,'login',NULL,NULL,NULL,NULL,'127.0.0.1','Mozilla/5.0 (Windows NT 10.0; Win64; x64) AppleWebKit/537.36 (KHTML, like Gecko) Chrome/145.0.0.0 Safari/537.36 Edg/145.0.0.0','User logged in','2026-02-22 23:37:10','2026-02-22 23:37:10'),(70,6,'logout',NULL,NULL,NULL,NULL,'127.0.0.1','Mozilla/5.0 (Windows NT 10.0; Win64; x64) AppleWebKit/537.36 (KHTML, like Gecko) Chrome/145.0.0.0 Safari/537.36 Edg/145.0.0.0','User logged out','2026-02-22 23:37:21','2026-02-22 23:37:21'),(71,6,'login',NULL,NULL,NULL,NULL,'127.0.0.1','Mozilla/5.0 (Windows NT 10.0; Win64; x64) AppleWebKit/537.36 (KHTML, like Gecko) Chrome/145.0.0.0 Safari/537.36 Edg/145.0.0.0','User logged in','2026-02-25 04:19:45','2026-02-25 04:19:45'),(72,7,'login',NULL,NULL,NULL,NULL,'127.0.0.1','Mozilla/5.0 (Windows NT 10.0; Win64; x64) AppleWebKit/537.36 (KHTML, like Gecko) Chrome/145.0.0.0 Safari/537.36 Edg/145.0.0.0','User logged in','2026-02-25 04:20:23','2026-02-25 04:20:23'),(73,7,'logout',NULL,NULL,NULL,NULL,'127.0.0.1','Mozilla/5.0 (Windows NT 10.0; Win64; x64) AppleWebKit/537.36 (KHTML, like Gecko) Chrome/145.0.0.0 Safari/537.36 Edg/145.0.0.0','User logged out','2026-02-25 04:21:14','2026-02-25 04:21:14'),(74,6,'logout',NULL,NULL,NULL,NULL,'127.0.0.1','Mozilla/5.0 (Windows NT 10.0; Win64; x64) AppleWebKit/537.36 (KHTML, like Gecko) Chrome/145.0.0.0 Safari/537.36 Edg/145.0.0.0','User logged out','2026-02-25 04:21:23','2026-02-25 04:21:23'),(75,7,'login',NULL,NULL,NULL,NULL,'127.0.0.1','Mozilla/5.0 (Windows NT 10.0; Win64; x64) AppleWebKit/537.36 (KHTML, like Gecko) Chrome/145.0.0.0 Safari/537.36 Edg/145.0.0.0','User logged in','2026-02-25 04:21:37','2026-02-25 04:21:37'),(76,7,'logout',NULL,NULL,NULL,NULL,'127.0.0.1','Mozilla/5.0 (Windows NT 10.0; Win64; x64) AppleWebKit/537.36 (KHTML, like Gecko) Chrome/145.0.0.0 Safari/537.36 Edg/145.0.0.0','User logged out','2026-02-25 04:21:44','2026-02-25 04:21:44'),(77,6,'login',NULL,NULL,NULL,NULL,'127.0.0.1','Mozilla/5.0 (Windows NT 10.0; Win64; x64) AppleWebKit/537.36 (KHTML, like Gecko) Chrome/145.0.0.0 Safari/537.36 Edg/145.0.0.0','User logged in','2026-02-25 04:21:54','2026-02-25 04:21:54'),(78,NULL,'login',NULL,NULL,NULL,NULL,'127.0.0.1','Mozilla/5.0 (Windows NT 10.0; Win64; x64) AppleWebKit/537.36 (KHTML, like Gecko) Chrome/145.0.0.0 Safari/537.36 Edg/145.0.0.0','User logged in','2026-02-25 04:22:16','2026-02-25 04:22:16'),(79,NULL,'logout',NULL,NULL,NULL,NULL,'127.0.0.1','Mozilla/5.0 (Windows NT 10.0; Win64; x64) AppleWebKit/537.36 (KHTML, like Gecko) Chrome/145.0.0.0 Safari/537.36 Edg/145.0.0.0','User logged out','2026-02-25 04:22:22','2026-02-25 04:22:22'),(80,1,'login',NULL,NULL,NULL,NULL,'127.0.0.1','Mozilla/5.0 (Windows NT 10.0; Win64; x64) AppleWebKit/537.36 (KHTML, like Gecko) Chrome/145.0.0.0 Safari/537.36 Edg/145.0.0.0','User logged in','2026-02-25 04:23:23','2026-02-25 04:23:23'),(81,1,'logout',NULL,NULL,NULL,NULL,'127.0.0.1','Mozilla/5.0 (Windows NT 10.0; Win64; x64) AppleWebKit/537.36 (KHTML, like Gecko) Chrome/145.0.0.0 Safari/537.36 Edg/145.0.0.0','User logged out','2026-02-25 04:23:34','2026-02-25 04:23:34'),(82,1,'login',NULL,NULL,NULL,NULL,'127.0.0.1','Mozilla/5.0 (Windows NT 10.0; Win64; x64) AppleWebKit/537.36 (KHTML, like Gecko) Chrome/145.0.0.0 Safari/537.36 Edg/145.0.0.0','User logged in','2026-02-25 04:24:08','2026-02-25 04:24:08'),(83,1,'logout',NULL,NULL,NULL,NULL,'127.0.0.1','Mozilla/5.0 (Windows NT 10.0; Win64; x64) AppleWebKit/537.36 (KHTML, like Gecko) Chrome/145.0.0.0 Safari/537.36 Edg/145.0.0.0','User logged out','2026-02-25 04:24:15','2026-02-25 04:24:15'),(84,7,'login',NULL,NULL,NULL,NULL,'127.0.0.1','Mozilla/5.0 (Windows NT 10.0; Win64; x64) AppleWebKit/537.36 (KHTML, like Gecko) Chrome/145.0.0.0 Safari/537.36 Edg/145.0.0.0','User logged in','2026-02-25 04:24:26','2026-02-25 04:24:26'),(85,6,'exam_start','App\\Models\\ExamAttempt',17,NULL,NULL,'127.0.0.1','Mozilla/5.0 (Windows NT 10.0; Win64; x64) AppleWebKit/537.36 (KHTML, like Gecko) Chrome/145.0.0.0 Safari/537.36 Edg/145.0.0.0','Started exam: UTS','2026-02-25 04:27:41','2026-02-25 04:27:41'),(86,6,'violation','App\\Models\\ProctoringLog',7,NULL,NULL,'127.0.0.1','Mozilla/5.0 (Windows NT 10.0; Win64; x64) AppleWebKit/537.36 (KHTML, like Gecko) Chrome/145.0.0.0 Safari/537.36 Edg/145.0.0.0','Proctoring violation: no_face_detected','2026-02-25 04:28:06','2026-02-25 04:28:06'),(87,6,'violation','App\\Models\\ProctoringLog',8,NULL,NULL,'127.0.0.1','Mozilla/5.0 (Windows NT 10.0; Win64; x64) AppleWebKit/537.36 (KHTML, like Gecko) Chrome/145.0.0.0 Safari/537.36 Edg/145.0.0.0','Proctoring violation: no_face_detected','2026-02-25 04:28:07','2026-02-25 04:28:07'),(88,6,'violation','App\\Models\\ProctoringLog',9,NULL,NULL,'127.0.0.1','Mozilla/5.0 (Windows NT 10.0; Win64; x64) AppleWebKit/537.36 (KHTML, like Gecko) Chrome/145.0.0.0 Safari/537.36 Edg/145.0.0.0','Proctoring violation: no_face_detected','2026-02-25 04:28:07','2026-02-25 04:28:07'),(89,6,'violation','App\\Models\\ProctoringLog',10,NULL,NULL,'127.0.0.1','Mozilla/5.0 (Windows NT 10.0; Win64; x64) AppleWebKit/537.36 (KHTML, like Gecko) Chrome/145.0.0.0 Safari/537.36 Edg/145.0.0.0','Proctoring violation: no_face_detected','2026-02-25 04:28:25','2026-02-25 04:28:25'),(90,6,'violation','App\\Models\\ProctoringLog',11,NULL,NULL,'127.0.0.1','Mozilla/5.0 (Windows NT 10.0; Win64; x64) AppleWebKit/537.36 (KHTML, like Gecko) Chrome/145.0.0.0 Safari/537.36 Edg/145.0.0.0','Proctoring violation: no_face_detected','2026-02-25 04:28:26','2026-02-25 04:28:26'),(91,6,'violation','App\\Models\\ProctoringLog',12,NULL,NULL,'127.0.0.1','Mozilla/5.0 (Windows NT 10.0; Win64; x64) AppleWebKit/537.36 (KHTML, like Gecko) Chrome/145.0.0.0 Safari/537.36 Edg/145.0.0.0','Proctoring violation: no_face_detected','2026-02-25 04:28:26','2026-02-25 04:28:26'),(92,6,'exam_submit','App\\Models\\ExamAttempt',17,NULL,NULL,'127.0.0.1','Mozilla/5.0 (Windows NT 10.0; Win64; x64) AppleWebKit/537.36 (KHTML, like Gecko) Chrome/145.0.0.0 Safari/537.36 Edg/145.0.0.0','Submitted exam: UTS (auto)','2026-02-25 04:28:26','2026-02-25 04:28:26'),(93,6,'login',NULL,NULL,NULL,NULL,'127.0.0.1','Mozilla/5.0 (Windows NT 10.0; Win64; x64) AppleWebKit/537.36 (KHTML, like Gecko) Chrome/145.0.0.0 Safari/537.36 Edg/145.0.0.0','User logged in','2026-02-25 23:28:21','2026-02-25 23:28:21'),(94,6,'logout',NULL,NULL,NULL,NULL,'127.0.0.1','Mozilla/5.0 (Windows NT 10.0; Win64; x64) AppleWebKit/537.36 (KHTML, like Gecko) Chrome/145.0.0.0 Safari/537.36 Edg/145.0.0.0','User logged out','2026-02-25 23:30:22','2026-02-25 23:30:22'),(95,7,'login',NULL,NULL,NULL,NULL,'127.0.0.1','Mozilla/5.0 (Windows NT 10.0; Win64; x64) AppleWebKit/537.36 (KHTML, like Gecko) Chrome/145.0.0.0 Safari/537.36 Edg/145.0.0.0','User logged in','2026-02-25 23:31:27','2026-02-25 23:31:27'),(96,7,'logout',NULL,NULL,NULL,NULL,'127.0.0.1','Mozilla/5.0 (Windows NT 10.0; Win64; x64) AppleWebKit/537.36 (KHTML, like Gecko) Chrome/145.0.0.0 Safari/537.36 Edg/145.0.0.0','User logged out','2026-02-25 23:34:17','2026-02-25 23:34:17'),(97,6,'login',NULL,NULL,NULL,NULL,'127.0.0.1','Mozilla/5.0 (Windows NT 10.0; Win64; x64) AppleWebKit/537.36 (KHTML, like Gecko) Chrome/145.0.0.0 Safari/537.36 Edg/145.0.0.0','User logged in','2026-02-25 23:34:24','2026-02-25 23:34:24'),(98,6,'logout',NULL,NULL,NULL,NULL,'127.0.0.1','Mozilla/5.0 (Windows NT 10.0; Win64; x64) AppleWebKit/537.36 (KHTML, like Gecko) Chrome/145.0.0.0 Safari/537.36 Edg/145.0.0.0','User logged out','2026-02-25 23:34:32','2026-02-25 23:34:32'),(99,1,'login',NULL,NULL,NULL,NULL,'127.0.0.1','Mozilla/5.0 (Windows NT 10.0; Win64; x64) AppleWebKit/537.36 (KHTML, like Gecko) Chrome/145.0.0.0 Safari/537.36 Edg/145.0.0.0','User logged in','2026-02-25 23:34:47','2026-02-25 23:34:47'),(100,1,'logout',NULL,NULL,NULL,NULL,'127.0.0.1','Mozilla/5.0 (Windows NT 10.0; Win64; x64) AppleWebKit/537.36 (KHTML, like Gecko) Chrome/145.0.0.0 Safari/537.36 Edg/145.0.0.0','User logged out','2026-02-25 23:36:20','2026-02-25 23:36:20'),(101,7,'login',NULL,NULL,NULL,NULL,'127.0.0.1','Mozilla/5.0 (Windows NT 10.0; Win64; x64) AppleWebKit/537.36 (KHTML, like Gecko) Chrome/145.0.0.0 Safari/537.36 Edg/145.0.0.0','User logged in','2026-02-25 23:36:35','2026-02-25 23:36:35'),(102,7,'logout',NULL,NULL,NULL,NULL,'127.0.0.1','Mozilla/5.0 (Windows NT 10.0; Win64; x64) AppleWebKit/537.36 (KHTML, like Gecko) Chrome/145.0.0.0 Safari/537.36 Edg/145.0.0.0','User logged out','2026-02-25 23:43:00','2026-02-25 23:43:00'),(103,6,'login',NULL,NULL,NULL,NULL,'127.0.0.1','Mozilla/5.0 (Windows NT 10.0; Win64; x64) AppleWebKit/537.36 (KHTML, like Gecko) Chrome/145.0.0.0 Safari/537.36 Edg/145.0.0.0','User logged in','2026-02-25 23:43:08','2026-02-25 23:43:08'),(104,7,'login',NULL,NULL,NULL,NULL,'127.0.0.1','Mozilla/5.0 (Windows NT 10.0; Win64; x64) AppleWebKit/537.36 (KHTML, like Gecko) Chrome/145.0.0.0 Safari/537.36 Edg/145.0.0.0','User logged in','2026-02-25 23:43:31','2026-02-25 23:43:31'),(105,6,'exam_start','App\\Models\\ExamAttempt',18,NULL,NULL,'127.0.0.1','Mozilla/5.0 (Windows NT 10.0; Win64; x64) AppleWebKit/537.36 (KHTML, like Gecko) Chrome/145.0.0.0 Safari/537.36 Edg/145.0.0.0','Started exam: asd','2026-02-25 23:46:05','2026-02-25 23:46:05'),(106,6,'exam_submit','App\\Models\\ExamAttempt',18,NULL,NULL,'127.0.0.1','Mozilla/5.0 (Windows NT 10.0; Win64; x64) AppleWebKit/537.36 (KHTML, like Gecko) Chrome/145.0.0.0 Safari/537.36 Edg/145.0.0.0','Submitted exam: asd','2026-02-25 23:47:06','2026-02-25 23:47:06'),(107,6,'logout',NULL,NULL,NULL,NULL,'127.0.0.1','Mozilla/5.0 (Windows NT 10.0; Win64; x64) AppleWebKit/537.36 (KHTML, like Gecko) Chrome/145.0.0.0 Safari/537.36 Edg/145.0.0.0','User logged out','2026-02-25 23:53:44','2026-02-25 23:53:44'),(108,7,'login',NULL,NULL,NULL,NULL,'127.0.0.1','Mozilla/5.0 (Windows NT 10.0; Win64; x64) AppleWebKit/537.36 (KHTML, like Gecko) Chrome/145.0.0.0 Safari/537.36 Edg/145.0.0.0','User logged in','2026-02-25 23:53:53','2026-02-25 23:53:53'),(109,7,'logout',NULL,NULL,NULL,NULL,'127.0.0.1','Mozilla/5.0 (Windows NT 10.0; Win64; x64) AppleWebKit/537.36 (KHTML, like Gecko) Chrome/145.0.0.0 Safari/537.36 Edg/145.0.0.0','User logged out','2026-02-25 23:55:43','2026-02-25 23:55:43'),(110,6,'login',NULL,NULL,NULL,NULL,'127.0.0.1','Mozilla/5.0 (Windows NT 10.0; Win64; x64) AppleWebKit/537.36 (KHTML, like Gecko) Chrome/145.0.0.0 Safari/537.36 Edg/145.0.0.0','User logged in','2026-02-25 23:55:52','2026-02-25 23:55:52'),(111,6,'logout',NULL,NULL,NULL,NULL,'127.0.0.1','Mozilla/5.0 (Windows NT 10.0; Win64; x64) AppleWebKit/537.36 (KHTML, like Gecko) Chrome/145.0.0.0 Safari/537.36 Edg/145.0.0.0','User logged out','2026-02-25 23:57:15','2026-02-25 23:57:15'),(112,7,'login',NULL,NULL,NULL,NULL,'127.0.0.1','Mozilla/5.0 (Windows NT 10.0; Win64; x64) AppleWebKit/537.36 (KHTML, like Gecko) Chrome/145.0.0.0 Safari/537.36 Edg/145.0.0.0','User logged in','2026-02-25 23:57:23','2026-02-25 23:57:23'),(113,7,'logout',NULL,NULL,NULL,NULL,'127.0.0.1','Mozilla/5.0 (Windows NT 10.0; Win64; x64) AppleWebKit/537.36 (KHTML, like Gecko) Chrome/145.0.0.0 Safari/537.36 Edg/145.0.0.0','User logged out','2026-02-26 00:07:24','2026-02-26 00:07:24'),(114,6,'login',NULL,NULL,NULL,NULL,'127.0.0.1','Mozilla/5.0 (Windows NT 10.0; Win64; x64) AppleWebKit/537.36 (KHTML, like Gecko) Chrome/145.0.0.0 Safari/537.36 Edg/145.0.0.0','User logged in','2026-02-26 00:07:33','2026-02-26 00:07:33'),(115,6,'logout',NULL,NULL,NULL,NULL,'127.0.0.1','Mozilla/5.0 (Windows NT 10.0; Win64; x64) AppleWebKit/537.36 (KHTML, like Gecko) Chrome/145.0.0.0 Safari/537.36 Edg/145.0.0.0','User logged out','2026-02-26 02:02:41','2026-02-26 02:02:41'),(116,1,'login',NULL,NULL,NULL,NULL,'127.0.0.1','Mozilla/5.0 (Windows NT 10.0; Win64; x64) AppleWebKit/537.36 (KHTML, like Gecko) Chrome/145.0.0.0 Safari/537.36 Edg/145.0.0.0','User logged in','2026-02-26 02:02:54','2026-02-26 02:02:54'),(117,1,'logout',NULL,NULL,NULL,NULL,'127.0.0.1','Mozilla/5.0 (Windows NT 10.0; Win64; x64) AppleWebKit/537.36 (KHTML, like Gecko) Chrome/145.0.0.0 Safari/537.36 Edg/145.0.0.0','User logged out','2026-02-26 02:18:54','2026-02-26 02:18:54'),(118,6,'login',NULL,NULL,NULL,NULL,'127.0.0.1','Mozilla/5.0 (Windows NT 10.0; Win64; x64) AppleWebKit/537.36 (KHTML, like Gecko) Chrome/145.0.0.0 Safari/537.36 Edg/145.0.0.0','User logged in','2026-02-26 02:20:07','2026-02-26 02:20:07'),(119,7,'logout',NULL,NULL,NULL,NULL,'127.0.0.1','Mozilla/5.0 (Windows NT 10.0; Win64; x64) AppleWebKit/537.36 (KHTML, like Gecko) Chrome/145.0.0.0 Safari/537.36 Edg/145.0.0.0','User logged out','2026-02-26 02:21:18','2026-02-26 02:21:18'),(120,7,'login',NULL,NULL,NULL,NULL,'127.0.0.1','Mozilla/5.0 (Windows NT 10.0; Win64; x64) AppleWebKit/537.36 (KHTML, like Gecko) Chrome/145.0.0.0 Safari/537.36 Edg/145.0.0.0','User logged in','2026-02-26 11:57:05','2026-02-26 11:57:05'),(121,6,'login',NULL,NULL,NULL,NULL,'127.0.0.1','Mozilla/5.0 (Windows NT 10.0; Win64; x64) AppleWebKit/537.36 (KHTML, like Gecko) Chrome/145.0.0.0 Safari/537.36 Edg/145.0.0.0','User logged in','2026-02-26 11:57:13','2026-02-26 11:57:13'),(122,6,'exam_start','App\\Models\\ExamAttempt',19,NULL,NULL,'127.0.0.1','Mozilla/5.0 (Windows NT 10.0; Win64; x64) AppleWebKit/537.36 (KHTML, like Gecko) Chrome/145.0.0.0 Safari/537.36 Edg/145.0.0.0','Started exam: DSA','2026-02-26 11:57:42','2026-02-26 11:57:42'),(123,6,'violation','App\\Models\\ProctoringLog',13,NULL,NULL,'127.0.0.1','Mozilla/5.0 (Windows NT 10.0; Win64; x64) AppleWebKit/537.36 (KHTML, like Gecko) Chrome/145.0.0.0 Safari/537.36 Edg/145.0.0.0','Proctoring violation: window_blur','2026-02-26 11:58:50','2026-02-26 11:58:50'),(124,6,'violation','App\\Models\\ProctoringLog',14,NULL,NULL,'127.0.0.1','Mozilla/5.0 (Windows NT 10.0; Win64; x64) AppleWebKit/537.36 (KHTML, like Gecko) Chrome/145.0.0.0 Safari/537.36 Edg/145.0.0.0','Proctoring violation: window_blur','2026-02-26 11:58:51','2026-02-26 11:58:51'),(125,6,'violation','App\\Models\\ProctoringLog',15,NULL,NULL,'127.0.0.1','Mozilla/5.0 (Windows NT 10.0; Win64; x64) AppleWebKit/537.36 (KHTML, like Gecko) Chrome/145.0.0.0 Safari/537.36 Edg/145.0.0.0','Proctoring violation: fullscreen_exit','2026-02-26 11:58:51','2026-02-26 11:58:51'),(126,6,'violation','App\\Models\\ProctoringLog',16,NULL,NULL,'127.0.0.1','Mozilla/5.0 (Windows NT 10.0; Win64; x64) AppleWebKit/537.36 (KHTML, like Gecko) Chrome/145.0.0.0 Safari/537.36 Edg/145.0.0.0','Proctoring violation: fullscreen_exit','2026-02-26 11:58:51','2026-02-26 11:58:51'),(127,6,'exam_submit','App\\Models\\ExamAttempt',19,NULL,NULL,'127.0.0.1','Mozilla/5.0 (Windows NT 10.0; Win64; x64) AppleWebKit/537.36 (KHTML, like Gecko) Chrome/145.0.0.0 Safari/537.36 Edg/145.0.0.0','Submitted exam: DSA','2026-02-26 11:59:21','2026-02-26 11:59:21'),(128,6,'exam_start','App\\Models\\ExamAttempt',20,NULL,NULL,'127.0.0.1','Mozilla/5.0 (Windows NT 10.0; Win64; x64) AppleWebKit/537.36 (KHTML, like Gecko) Chrome/145.0.0.0 Safari/537.36 Edg/145.0.0.0','Started exam: DSA','2026-02-26 12:02:21','2026-02-26 12:02:21'),(129,6,'violation','App\\Models\\ProctoringLog',17,NULL,NULL,'127.0.0.1','Mozilla/5.0 (Windows NT 10.0; Win64; x64) AppleWebKit/537.36 (KHTML, like Gecko) Chrome/145.0.0.0 Safari/537.36 Edg/145.0.0.0','Proctoring violation: window_blur','2026-02-26 12:02:34','2026-02-26 12:02:34'),(130,6,'violation','App\\Models\\ProctoringLog',18,NULL,NULL,'127.0.0.1','Mozilla/5.0 (Windows NT 10.0; Win64; x64) AppleWebKit/537.36 (KHTML, like Gecko) Chrome/145.0.0.0 Safari/537.36 Edg/145.0.0.0','Proctoring violation: window_blur','2026-02-26 12:02:34','2026-02-26 12:02:34'),(131,6,'violation','App\\Models\\ProctoringLog',19,NULL,NULL,'127.0.0.1','Mozilla/5.0 (Windows NT 10.0; Win64; x64) AppleWebKit/537.36 (KHTML, like Gecko) Chrome/145.0.0.0 Safari/537.36 Edg/145.0.0.0','Proctoring violation: fullscreen_exit','2026-02-26 12:02:35','2026-02-26 12:02:35'),(132,6,'violation','App\\Models\\ProctoringLog',20,NULL,NULL,'127.0.0.1','Mozilla/5.0 (Windows NT 10.0; Win64; x64) AppleWebKit/537.36 (KHTML, like Gecko) Chrome/145.0.0.0 Safari/537.36 Edg/145.0.0.0','Proctoring violation: fullscreen_exit','2026-02-26 12:02:35','2026-02-26 12:02:35'),(133,6,'violation','App\\Models\\ProctoringLog',21,NULL,NULL,'127.0.0.1','Mozilla/5.0 (Windows NT 10.0; Win64; x64) AppleWebKit/537.36 (KHTML, like Gecko) Chrome/145.0.0.0 Safari/537.36 Edg/145.0.0.0','Proctoring violation: window_blur','2026-02-26 12:02:42','2026-02-26 12:02:42'),(134,6,'violation','App\\Models\\ProctoringLog',22,NULL,NULL,'127.0.0.1','Mozilla/5.0 (Windows NT 10.0; Win64; x64) AppleWebKit/537.36 (KHTML, like Gecko) Chrome/145.0.0.0 Safari/537.36 Edg/145.0.0.0','Proctoring violation: window_blur','2026-02-26 12:02:43','2026-02-26 12:02:43'),(135,6,'violation','App\\Models\\ProctoringLog',23,NULL,NULL,'127.0.0.1','Mozilla/5.0 (Windows NT 10.0; Win64; x64) AppleWebKit/537.36 (KHTML, like Gecko) Chrome/145.0.0.0 Safari/537.36 Edg/145.0.0.0','Proctoring violation: fullscreen_exit','2026-02-26 12:02:43','2026-02-26 12:02:43'),(136,6,'violation','App\\Models\\ProctoringLog',24,NULL,NULL,'127.0.0.1','Mozilla/5.0 (Windows NT 10.0; Win64; x64) AppleWebKit/537.36 (KHTML, like Gecko) Chrome/145.0.0.0 Safari/537.36 Edg/145.0.0.0','Proctoring violation: fullscreen_exit','2026-02-26 12:02:43','2026-02-26 12:02:43'),(137,6,'exam_submit','App\\Models\\ExamAttempt',20,NULL,NULL,'127.0.0.1','Mozilla/5.0 (Windows NT 10.0; Win64; x64) AppleWebKit/537.36 (KHTML, like Gecko) Chrome/145.0.0.0 Safari/537.36 Edg/145.0.0.0','Submitted exam: DSA (auto)','2026-02-26 12:02:43','2026-02-26 12:02:43'),(138,6,'exam_start','App\\Models\\ExamAttempt',21,NULL,NULL,'127.0.0.1','Mozilla/5.0 (Windows NT 10.0; Win64; x64) AppleWebKit/537.36 (KHTML, like Gecko) Chrome/145.0.0.0 Safari/537.36 Edg/145.0.0.0','Started exam: DSA','2026-02-26 12:11:39','2026-02-26 12:11:39'),(139,6,'violation','App\\Models\\ProctoringLog',25,NULL,NULL,'127.0.0.1','Mozilla/5.0 (Windows NT 10.0; Win64; x64) AppleWebKit/537.36 (KHTML, like Gecko) Chrome/145.0.0.0 Safari/537.36 Edg/145.0.0.0','Proctoring violation: fullscreen_exit','2026-02-26 12:12:30','2026-02-26 12:12:30'),(140,6,'violation','App\\Models\\ProctoringLog',26,NULL,NULL,'127.0.0.1','Mozilla/5.0 (Windows NT 10.0; Win64; x64) AppleWebKit/537.36 (KHTML, like Gecko) Chrome/145.0.0.0 Safari/537.36 Edg/145.0.0.0','Proctoring violation: fullscreen_exit','2026-02-26 12:12:30','2026-02-26 12:12:30'),(141,6,'violation','App\\Models\\ProctoringLog',27,NULL,NULL,'127.0.0.1','Mozilla/5.0 (Windows NT 10.0; Win64; x64) AppleWebKit/537.36 (KHTML, like Gecko) Chrome/145.0.0.0 Safari/537.36 Edg/145.0.0.0','Proctoring violation: window_blur','2026-02-26 12:12:35','2026-02-26 12:12:35'),(142,6,'violation','App\\Models\\ProctoringLog',28,NULL,NULL,'127.0.0.1','Mozilla/5.0 (Windows NT 10.0; Win64; x64) AppleWebKit/537.36 (KHTML, like Gecko) Chrome/145.0.0.0 Safari/537.36 Edg/145.0.0.0','Proctoring violation: window_blur','2026-02-26 12:12:35','2026-02-26 12:12:35'),(143,6,'violation','App\\Models\\ProctoringLog',29,NULL,NULL,'127.0.0.1','Mozilla/5.0 (Windows NT 10.0; Win64; x64) AppleWebKit/537.36 (KHTML, like Gecko) Chrome/145.0.0.0 Safari/537.36 Edg/145.0.0.0','Proctoring violation: tab_switch','2026-02-26 12:12:36','2026-02-26 12:12:36'),(144,6,'exam_submit','App\\Models\\ExamAttempt',21,NULL,NULL,'127.0.0.1','Mozilla/5.0 (Windows NT 10.0; Win64; x64) AppleWebKit/537.36 (KHTML, like Gecko) Chrome/145.0.0.0 Safari/537.36 Edg/145.0.0.0','Submitted exam: DSA (auto)','2026-02-26 12:12:36','2026-02-26 12:12:36'),(145,6,'exam_start','App\\Models\\ExamAttempt',22,NULL,NULL,'127.0.0.1','Mozilla/5.0 (Windows NT 10.0; Win64; x64) AppleWebKit/537.36 (KHTML, like Gecko) Chrome/145.0.0.0 Safari/537.36 Edg/145.0.0.0','Started exam: DSA','2026-02-26 13:09:48','2026-02-26 13:09:48'),(146,6,'violation','App\\Models\\ProctoringLog',30,NULL,NULL,'127.0.0.1','Mozilla/5.0 (Windows NT 10.0; Win64; x64) AppleWebKit/537.36 (KHTML, like Gecko) Chrome/145.0.0.0 Safari/537.36 Edg/145.0.0.0','Proctoring violation: window_blur','2026-02-26 13:10:04','2026-02-26 13:10:04'),(147,6,'violation','App\\Models\\ProctoringLog',31,NULL,NULL,'127.0.0.1','Mozilla/5.0 (Windows NT 10.0; Win64; x64) AppleWebKit/537.36 (KHTML, like Gecko) Chrome/145.0.0.0 Safari/537.36 Edg/145.0.0.0','Proctoring violation: window_blur','2026-02-26 13:10:04','2026-02-26 13:10:04'),(148,6,'violation','App\\Models\\ProctoringLog',32,NULL,NULL,'127.0.0.1','Mozilla/5.0 (Windows NT 10.0; Win64; x64) AppleWebKit/537.36 (KHTML, like Gecko) Chrome/145.0.0.0 Safari/537.36 Edg/145.0.0.0','Proctoring violation: window_blur','2026-02-26 13:10:07','2026-02-26 13:10:07'),(149,6,'violation','App\\Models\\ProctoringLog',33,NULL,NULL,'127.0.0.1','Mozilla/5.0 (Windows NT 10.0; Win64; x64) AppleWebKit/537.36 (KHTML, like Gecko) Chrome/145.0.0.0 Safari/537.36 Edg/145.0.0.0','Proctoring violation: window_blur','2026-02-26 13:10:07','2026-02-26 13:10:07'),(150,6,'violation','App\\Models\\ProctoringLog',34,NULL,NULL,'127.0.0.1','Mozilla/5.0 (Windows NT 10.0; Win64; x64) AppleWebKit/537.36 (KHTML, like Gecko) Chrome/145.0.0.0 Safari/537.36 Edg/145.0.0.0','Proctoring violation: window_blur','2026-02-26 13:10:11','2026-02-26 13:10:11'),(151,6,'violation','App\\Models\\ProctoringLog',35,NULL,NULL,'127.0.0.1','Mozilla/5.0 (Windows NT 10.0; Win64; x64) AppleWebKit/537.36 (KHTML, like Gecko) Chrome/145.0.0.0 Safari/537.36 Edg/145.0.0.0','Proctoring violation: window_blur','2026-02-26 13:10:12','2026-02-26 13:10:12'),(152,6,'exam_submit','App\\Models\\ExamAttempt',22,NULL,NULL,'127.0.0.1','Mozilla/5.0 (Windows NT 10.0; Win64; x64) AppleWebKit/537.36 (KHTML, like Gecko) Chrome/145.0.0.0 Safari/537.36 Edg/145.0.0.0','Submitted exam: DSA (auto)','2026-02-26 13:10:12','2026-02-26 13:10:12'),(153,6,'exam_start','App\\Models\\ExamAttempt',23,NULL,NULL,'127.0.0.1','Mozilla/5.0 (Windows NT 10.0; Win64; x64) AppleWebKit/537.36 (KHTML, like Gecko) Chrome/145.0.0.0 Safari/537.36 Edg/145.0.0.0','Started exam: DSA','2026-02-26 13:14:00','2026-02-26 13:14:00'),(154,6,'violation','App\\Models\\ProctoringLog',36,NULL,NULL,'127.0.0.1','Mozilla/5.0 (Windows NT 10.0; Win64; x64) AppleWebKit/537.36 (KHTML, like Gecko) Chrome/145.0.0.0 Safari/537.36 Edg/145.0.0.0','Proctoring violation: fullscreen_exit','2026-02-26 13:15:30','2026-02-26 13:15:30'),(155,6,'violation','App\\Models\\ProctoringLog',37,NULL,NULL,'127.0.0.1','Mozilla/5.0 (Windows NT 10.0; Win64; x64) AppleWebKit/537.36 (KHTML, like Gecko) Chrome/145.0.0.0 Safari/537.36 Edg/145.0.0.0','Proctoring violation: fullscreen_exit','2026-02-26 13:15:30','2026-02-26 13:15:30'),(156,6,'violation','App\\Models\\ProctoringLog',38,NULL,NULL,'127.0.0.1','Mozilla/5.0 (Windows NT 10.0; Win64; x64) AppleWebKit/537.36 (KHTML, like Gecko) Chrome/145.0.0.0 Safari/537.36 Edg/145.0.0.0','Proctoring violation: window_blur','2026-02-26 13:15:32','2026-02-26 13:15:32'),(157,6,'violation','App\\Models\\ProctoringLog',39,NULL,NULL,'127.0.0.1','Mozilla/5.0 (Windows NT 10.0; Win64; x64) AppleWebKit/537.36 (KHTML, like Gecko) Chrome/145.0.0.0 Safari/537.36 Edg/145.0.0.0','Proctoring violation: window_blur','2026-02-26 13:15:33','2026-02-26 13:15:33'),(158,6,'violation','App\\Models\\ProctoringLog',40,NULL,NULL,'127.0.0.1','Mozilla/5.0 (Windows NT 10.0; Win64; x64) AppleWebKit/537.36 (KHTML, like Gecko) Chrome/145.0.0.0 Safari/537.36 Edg/145.0.0.0','Proctoring violation: no_face_detected','2026-02-26 13:15:58','2026-02-26 13:15:58'),(159,6,'violation','App\\Models\\ProctoringLog',41,NULL,NULL,'127.0.0.1','Mozilla/5.0 (Windows NT 10.0; Win64; x64) AppleWebKit/537.36 (KHTML, like Gecko) Chrome/145.0.0.0 Safari/537.36 Edg/145.0.0.0','Proctoring violation: no_face_detected','2026-02-26 13:15:59','2026-02-26 13:15:59'),(160,6,'exam_submit','App\\Models\\ExamAttempt',23,NULL,NULL,'127.0.0.1','Mozilla/5.0 (Windows NT 10.0; Win64; x64) AppleWebKit/537.36 (KHTML, like Gecko) Chrome/145.0.0.0 Safari/537.36 Edg/145.0.0.0','Submitted exam: DSA (auto)','2026-02-26 13:15:59','2026-02-26 13:15:59'),(161,7,'login',NULL,NULL,NULL,NULL,'127.0.0.1','Mozilla/5.0 (Windows NT 10.0; Win64; x64) AppleWebKit/537.36 (KHTML, like Gecko) Chrome/145.0.0.0 Safari/537.36 Edg/145.0.0.0','User logged in','2026-02-26 14:15:17','2026-02-26 14:15:17'),(162,6,'exam_start','App\\Models\\ExamAttempt',24,NULL,NULL,'127.0.0.1','Mozilla/5.0 (Windows NT 10.0; Win64; x64) AppleWebKit/537.36 (KHTML, like Gecko) Chrome/145.0.0.0 Safari/537.36 Edg/145.0.0.0','Started exam: DSA','2026-02-26 14:15:34','2026-02-26 14:15:34'),(163,6,'violation','App\\Models\\ProctoringLog',42,NULL,NULL,'127.0.0.1','Mozilla/5.0 (Windows NT 10.0; Win64; x64) AppleWebKit/537.36 (KHTML, like Gecko) Chrome/145.0.0.0 Safari/537.36 Edg/145.0.0.0','Proctoring violation: window_blur','2026-02-26 14:16:45','2026-02-26 14:16:45'),(164,6,'violation','App\\Models\\ProctoringLog',43,NULL,NULL,'127.0.0.1','Mozilla/5.0 (Windows NT 10.0; Win64; x64) AppleWebKit/537.36 (KHTML, like Gecko) Chrome/145.0.0.0 Safari/537.36 Edg/145.0.0.0','Proctoring violation: window_blur','2026-02-26 14:16:45','2026-02-26 14:16:45'),(165,6,'violation','App\\Models\\ProctoringLog',44,NULL,NULL,'127.0.0.1','Mozilla/5.0 (Windows NT 10.0; Win64; x64) AppleWebKit/537.36 (KHTML, like Gecko) Chrome/145.0.0.0 Safari/537.36 Edg/145.0.0.0','Proctoring violation: fullscreen_exit','2026-02-26 14:16:52','2026-02-26 14:16:52'),(166,6,'violation','App\\Models\\ProctoringLog',45,NULL,NULL,'127.0.0.1','Mozilla/5.0 (Windows NT 10.0; Win64; x64) AppleWebKit/537.36 (KHTML, like Gecko) Chrome/145.0.0.0 Safari/537.36 Edg/145.0.0.0','Proctoring violation: fullscreen_exit','2026-02-26 14:16:52','2026-02-26 14:16:52'),(167,6,'violation','App\\Models\\ProctoringLog',46,NULL,NULL,'127.0.0.1','Mozilla/5.0 (Windows NT 10.0; Win64; x64) AppleWebKit/537.36 (KHTML, like Gecko) Chrome/145.0.0.0 Safari/537.36 Edg/145.0.0.0','Proctoring violation: window_blur','2026-02-26 14:16:55','2026-02-26 14:16:55'),(168,6,'violation','App\\Models\\ProctoringLog',47,NULL,NULL,'127.0.0.1','Mozilla/5.0 (Windows NT 10.0; Win64; x64) AppleWebKit/537.36 (KHTML, like Gecko) Chrome/145.0.0.0 Safari/537.36 Edg/145.0.0.0','Proctoring violation: window_blur','2026-02-26 14:16:55','2026-02-26 14:16:55'),(169,6,'exam_submit','App\\Models\\ExamAttempt',24,NULL,NULL,'127.0.0.1','Mozilla/5.0 (Windows NT 10.0; Win64; x64) AppleWebKit/537.36 (KHTML, like Gecko) Chrome/145.0.0.0 Safari/537.36 Edg/145.0.0.0','Submitted exam: DSA (auto)','2026-02-26 14:16:55','2026-02-26 14:16:55'),(170,6,'exam_start','App\\Models\\ExamAttempt',25,NULL,NULL,'127.0.0.1','Mozilla/5.0 (Windows NT 10.0; Win64; x64) AppleWebKit/537.36 (KHTML, like Gecko) Chrome/145.0.0.0 Safari/537.36 Edg/145.0.0.0','Started exam: DSA','2026-02-26 14:59:06','2026-02-26 14:59:06'),(171,6,'violation','App\\Models\\ProctoringLog',48,NULL,NULL,'127.0.0.1','Mozilla/5.0 (Windows NT 10.0; Win64; x64) AppleWebKit/537.36 (KHTML, like Gecko) Chrome/145.0.0.0 Safari/537.36 Edg/145.0.0.0','Proctoring violation: no_face_detected','2026-02-26 14:59:35','2026-02-26 14:59:35'),(172,6,'violation','App\\Models\\ProctoringLog',49,NULL,NULL,'127.0.0.1','Mozilla/5.0 (Windows NT 10.0; Win64; x64) AppleWebKit/537.36 (KHTML, like Gecko) Chrome/145.0.0.0 Safari/537.36 Edg/145.0.0.0','Proctoring violation: no_face_detected','2026-02-26 14:59:35','2026-02-26 14:59:35'),(173,6,'violation','App\\Models\\ProctoringLog',50,NULL,NULL,'127.0.0.1','Mozilla/5.0 (Windows NT 10.0; Win64; x64) AppleWebKit/537.36 (KHTML, like Gecko) Chrome/145.0.0.0 Safari/537.36 Edg/145.0.0.0','Proctoring violation: no_face_detected','2026-02-26 14:59:36','2026-02-26 14:59:36'),(174,6,'violation','App\\Models\\ProctoringLog',51,NULL,NULL,'127.0.0.1','Mozilla/5.0 (Windows NT 10.0; Win64; x64) AppleWebKit/537.36 (KHTML, like Gecko) Chrome/145.0.0.0 Safari/537.36 Edg/145.0.0.0','Proctoring violation: no_face_detected','2026-02-26 14:59:41','2026-02-26 14:59:41'),(175,6,'violation','App\\Models\\ProctoringLog',52,NULL,NULL,'127.0.0.1','Mozilla/5.0 (Windows NT 10.0; Win64; x64) AppleWebKit/537.36 (KHTML, like Gecko) Chrome/145.0.0.0 Safari/537.36 Edg/145.0.0.0','Proctoring violation: no_face_detected','2026-02-26 14:59:41','2026-02-26 14:59:41'),(176,6,'violation','App\\Models\\ProctoringLog',53,NULL,NULL,'127.0.0.1','Mozilla/5.0 (Windows NT 10.0; Win64; x64) AppleWebKit/537.36 (KHTML, like Gecko) Chrome/145.0.0.0 Safari/537.36 Edg/145.0.0.0','Proctoring violation: no_face_detected','2026-02-26 14:59:42','2026-02-26 14:59:42'),(177,6,'exam_submit','App\\Models\\ExamAttempt',25,NULL,NULL,'127.0.0.1','Mozilla/5.0 (Windows NT 10.0; Win64; x64) AppleWebKit/537.36 (KHTML, like Gecko) Chrome/145.0.0.0 Safari/537.36 Edg/145.0.0.0','Submitted exam: DSA (auto)','2026-02-26 14:59:42','2026-02-26 14:59:42'),(178,6,'exam_start','App\\Models\\ExamAttempt',26,NULL,NULL,'127.0.0.1','Mozilla/5.0 (Windows NT 10.0; Win64; x64) AppleWebKit/537.36 (KHTML, like Gecko) Chrome/145.0.0.0 Safari/537.36 Edg/145.0.0.0','Started exam: DSA','2026-02-26 16:54:45','2026-02-26 16:54:45'),(179,6,'violation','App\\Models\\ProctoringLog',54,NULL,NULL,'127.0.0.1','Mozilla/5.0 (Windows NT 10.0; Win64; x64) AppleWebKit/537.36 (KHTML, like Gecko) Chrome/145.0.0.0 Safari/537.36 Edg/145.0.0.0','Proctoring violation: right_click','2026-02-26 16:54:52','2026-02-26 16:54:52'),(180,6,'violation','App\\Models\\ProctoringLog',55,NULL,NULL,'127.0.0.1','Mozilla/5.0 (Windows NT 10.0; Win64; x64) AppleWebKit/537.36 (KHTML, like Gecko) Chrome/145.0.0.0 Safari/537.36 Edg/145.0.0.0','Proctoring violation: right_click','2026-02-26 16:54:52','2026-02-26 16:54:52'),(181,6,'violation','App\\Models\\ProctoringLog',56,NULL,NULL,'127.0.0.1','Mozilla/5.0 (Windows NT 10.0; Win64; x64) AppleWebKit/537.36 (KHTML, like Gecko) Chrome/145.0.0.0 Safari/537.36 Edg/145.0.0.0','Proctoring violation: right_click','2026-02-26 16:54:58','2026-02-26 16:54:58'),(182,6,'violation','App\\Models\\ProctoringLog',57,NULL,NULL,'127.0.0.1','Mozilla/5.0 (Windows NT 10.0; Win64; x64) AppleWebKit/537.36 (KHTML, like Gecko) Chrome/145.0.0.0 Safari/537.36 Edg/145.0.0.0','Proctoring violation: right_click','2026-02-26 16:54:59','2026-02-26 16:54:59'),(183,6,'violation','App\\Models\\ProctoringLog',58,NULL,NULL,'127.0.0.1','Mozilla/5.0 (Windows NT 10.0; Win64; x64) AppleWebKit/537.36 (KHTML, like Gecko) Chrome/145.0.0.0 Safari/537.36 Edg/145.0.0.0','Proctoring violation: keyboard_shortcut','2026-02-26 16:55:17','2026-02-26 16:55:17'),(184,6,'violation','App\\Models\\ProctoringLog',59,NULL,NULL,'127.0.0.1','Mozilla/5.0 (Windows NT 10.0; Win64; x64) AppleWebKit/537.36 (KHTML, like Gecko) Chrome/145.0.0.0 Safari/537.36 Edg/145.0.0.0','Proctoring violation: keyboard_shortcut','2026-02-26 16:55:17','2026-02-26 16:55:17'),(185,6,'exam_submit','App\\Models\\ExamAttempt',26,NULL,NULL,'127.0.0.1','Mozilla/5.0 (Windows NT 10.0; Win64; x64) AppleWebKit/537.36 (KHTML, like Gecko) Chrome/145.0.0.0 Safari/537.36 Edg/145.0.0.0','Submitted exam: DSA (auto)','2026-02-26 16:55:18','2026-02-26 16:55:18'),(186,6,'exam_start','App\\Models\\ExamAttempt',27,NULL,NULL,'127.0.0.1','Mozilla/5.0 (Windows NT 10.0; Win64; x64) AppleWebKit/537.36 (KHTML, like Gecko) Chrome/145.0.0.0 Safari/537.36 Edg/145.0.0.0','Started exam: DSA','2026-02-26 17:06:21','2026-02-26 17:06:21'),(187,6,'violation','App\\Models\\ProctoringLog',60,NULL,NULL,'127.0.0.1','Mozilla/5.0 (Windows NT 10.0; Win64; x64) AppleWebKit/537.36 (KHTML, like Gecko) Chrome/145.0.0.0 Safari/537.36 Edg/145.0.0.0','Proctoring violation: keyboard_shortcut','2026-02-26 17:06:40','2026-02-26 17:06:40'),(188,6,'violation','App\\Models\\ProctoringLog',61,NULL,NULL,'127.0.0.1','Mozilla/5.0 (Windows NT 10.0; Win64; x64) AppleWebKit/537.36 (KHTML, like Gecko) Chrome/145.0.0.0 Safari/537.36 Edg/145.0.0.0','Proctoring violation: keyboard_shortcut','2026-02-26 17:06:41','2026-02-26 17:06:41'),(189,6,'exam_submit','App\\Models\\ExamAttempt',27,NULL,NULL,'127.0.0.1','Mozilla/5.0 (Windows NT 10.0; Win64; x64) AppleWebKit/537.36 (KHTML, like Gecko) Chrome/145.0.0.0 Safari/537.36 Edg/145.0.0.0','Submitted exam: DSA','2026-02-26 17:07:19','2026-02-26 17:07:19'),(190,7,'login',NULL,NULL,NULL,NULL,'127.0.0.1','Mozilla/5.0 (Windows NT 10.0; Win64; x64) AppleWebKit/537.36 (KHTML, like Gecko) Chrome/145.0.0.0 Safari/537.36 Edg/145.0.0.0','User logged in','2026-02-26 17:44:50','2026-02-26 17:44:50'),(191,6,'login',NULL,NULL,NULL,NULL,'127.0.0.1','Mozilla/5.0 (Windows NT 10.0; Win64; x64) AppleWebKit/537.36 (KHTML, like Gecko) Chrome/145.0.0.0 Safari/537.36 Edg/145.0.0.0','User logged in','2026-02-28 13:45:04','2026-02-28 13:45:04'),(192,7,'login',NULL,NULL,NULL,NULL,'127.0.0.1','Mozilla/5.0 (Windows NT 10.0; Win64; x64) AppleWebKit/537.36 (KHTML, like Gecko) Chrome/145.0.0.0 Safari/537.36 Edg/145.0.0.0','User logged in','2026-02-28 14:00:34','2026-02-28 14:00:34'),(193,7,'login',NULL,NULL,NULL,NULL,'127.0.0.1','Mozilla/5.0 (Windows NT 10.0; Win64; x64) AppleWebKit/537.36 (KHTML, like Gecko) Chrome/145.0.0.0 Safari/537.36 Edg/145.0.0.0','User logged in','2026-03-15 14:21:31','2026-03-15 14:21:31'),(194,7,'logout',NULL,NULL,NULL,NULL,'127.0.0.1','Mozilla/5.0 (Windows NT 10.0; Win64; x64) AppleWebKit/537.36 (KHTML, like Gecko) Chrome/145.0.0.0 Safari/537.36 Edg/145.0.0.0','User logged out','2026-03-15 14:40:19','2026-03-15 14:40:19'),(195,6,'login',NULL,NULL,NULL,NULL,'127.0.0.1','Mozilla/5.0 (Windows NT 10.0; Win64; x64) AppleWebKit/537.36 (KHTML, like Gecko) Chrome/145.0.0.0 Safari/537.36 Edg/145.0.0.0','User logged in','2026-03-15 14:40:25','2026-03-15 14:40:25'),(196,6,'logout',NULL,NULL,NULL,NULL,'127.0.0.1','Mozilla/5.0 (Windows NT 10.0; Win64; x64) AppleWebKit/537.36 (KHTML, like Gecko) Chrome/145.0.0.0 Safari/537.36 Edg/145.0.0.0','User logged out','2026-03-15 14:40:36','2026-03-15 14:40:36'),(209,6,'login',NULL,NULL,NULL,NULL,'127.0.0.1','Mozilla/5.0 (Windows NT 10.0; Win64; x64) AppleWebKit/537.36 (KHTML, like Gecko) Chrome/146.0.0.0 Safari/537.36 Edg/146.0.0.0','User logged in','2026-03-18 20:44:29','2026-03-18 20:44:29'),(210,7,'login',NULL,NULL,NULL,NULL,'127.0.0.1','Mozilla/5.0 (Windows NT 10.0; Win64; x64) AppleWebKit/537.36 (KHTML, like Gecko) Chrome/146.0.0.0 Safari/537.36 Edg/146.0.0.0','User logged in','2026-03-18 20:45:09','2026-03-18 20:45:09'),(211,6,'exam_start','App\\Models\\ExamAttempt',36,NULL,NULL,'127.0.0.1','Mozilla/5.0 (Windows NT 10.0; Win64; x64) AppleWebKit/537.36 (KHTML, like Gecko) Chrome/146.0.0.0 Safari/537.36 Edg/146.0.0.0','Started exam: asd','2026-03-18 20:45:30','2026-03-18 20:45:30'),(212,6,'violation','App\\Models\\ProctoringLog',62,NULL,NULL,'127.0.0.1','Mozilla/5.0 (Windows NT 10.0; Win64; x64) AppleWebKit/537.36 (KHTML, like Gecko) Chrome/146.0.0.0 Safari/537.36 Edg/146.0.0.0','Proctoring violation: keyboard_shortcut','2026-03-18 20:45:37','2026-03-18 20:45:37'),(213,6,'exam_submit','App\\Models\\ExamAttempt',36,NULL,NULL,'127.0.0.1','Mozilla/5.0 (Windows NT 10.0; Win64; x64) AppleWebKit/537.36 (KHTML, like Gecko) Chrome/146.0.0.0 Safari/537.36 Edg/146.0.0.0','Submitted exam: asd','2026-03-18 20:45:57','2026-03-18 20:45:57'),(214,6,'logout',NULL,NULL,NULL,NULL,'127.0.0.1','Mozilla/5.0 (Windows NT 10.0; Win64; x64) AppleWebKit/537.36 (KHTML, like Gecko) Chrome/146.0.0.0 Safari/537.36 Edg/146.0.0.0','User logged out','2026-03-18 20:46:02','2026-03-18 20:46:02'),(215,6,'login',NULL,NULL,NULL,NULL,'127.0.0.1','Mozilla/5.0 (Windows NT 10.0; Win64; x64) AppleWebKit/537.36 (KHTML, like Gecko) Chrome/146.0.0.0 Safari/537.36 Edg/146.0.0.0','User logged in','2026-03-26 16:01:50','2026-03-26 16:01:50'),(216,6,'login',NULL,NULL,NULL,NULL,'127.0.0.1','Mozilla/5.0 (Windows NT 10.0; Win64; x64) AppleWebKit/537.36 (KHTML, like Gecko) Chrome/146.0.0.0 Safari/537.36 Edg/146.0.0.0','User logged in','2026-04-01 22:51:04','2026-04-01 22:51:04'),(217,6,'logout',NULL,NULL,NULL,NULL,'127.0.0.1','Mozilla/5.0 (Windows NT 10.0; Win64; x64) AppleWebKit/537.36 (KHTML, like Gecko) Chrome/146.0.0.0 Safari/537.36 Edg/146.0.0.0','User logged out','2026-04-01 23:38:07','2026-04-01 23:38:07'),(218,7,'login',NULL,NULL,NULL,NULL,'127.0.0.1','Mozilla/5.0 (Windows NT 10.0; Win64; x64) AppleWebKit/537.36 (KHTML, like Gecko) Chrome/146.0.0.0 Safari/537.36 Edg/146.0.0.0','User logged in','2026-04-02 00:14:37','2026-04-02 00:14:37'),(219,7,'logout',NULL,NULL,NULL,NULL,'127.0.0.1','Mozilla/5.0 (Windows NT 10.0; Win64; x64) AppleWebKit/537.36 (KHTML, like Gecko) Chrome/146.0.0.0 Safari/537.36 Edg/146.0.0.0','User logged out','2026-04-02 00:15:42','2026-04-02 00:15:42'),(220,7,'login',NULL,NULL,NULL,NULL,'127.0.0.1','Mozilla/5.0 (Windows NT 10.0; Win64; x64) AppleWebKit/537.36 (KHTML, like Gecko) Chrome/146.0.0.0 Safari/537.36 Edg/146.0.0.0','User logged in','2026-04-02 00:26:42','2026-04-02 00:26:42'),(221,7,'logout',NULL,NULL,NULL,NULL,'127.0.0.1','Mozilla/5.0 (Windows NT 10.0; Win64; x64) AppleWebKit/537.36 (KHTML, like Gecko) Chrome/146.0.0.0 Safari/537.36 Edg/146.0.0.0','User logged out','2026-04-02 00:27:43','2026-04-02 00:27:43'),(222,6,'login',NULL,NULL,NULL,NULL,'127.0.0.1','Mozilla/5.0 (Windows NT 10.0; Win64; x64) AppleWebKit/537.36 (KHTML, like Gecko) Chrome/146.0.0.0 Safari/537.36 Edg/146.0.0.0','User logged in','2026-04-02 00:27:50','2026-04-02 00:27:50'),(223,6,'exam_start','App\\Models\\ExamAttempt',37,NULL,NULL,'127.0.0.1','Mozilla/5.0 (Windows NT 10.0; Win64; x64) AppleWebKit/537.36 (KHTML, like Gecko) Chrome/146.0.0.0 Safari/537.36 Edg/146.0.0.0','Started exam: no proctor','2026-04-02 00:28:02','2026-04-02 00:28:02'),(224,6,'exam_submit','App\\Models\\ExamAttempt',37,NULL,NULL,'127.0.0.1','Mozilla/5.0 (Windows NT 10.0; Win64; x64) AppleWebKit/537.36 (KHTML, like Gecko) Chrome/146.0.0.0 Safari/537.36 Edg/146.0.0.0','Submitted exam: no proctor','2026-04-02 00:28:09','2026-04-02 00:28:09'),(225,7,'login',NULL,NULL,NULL,NULL,'127.0.0.1','Mozilla/5.0 (Windows NT 10.0; Win64; x64) AppleWebKit/537.36 (KHTML, like Gecko) Chrome/146.0.0.0 Safari/537.36 Edg/146.0.0.0','User logged in','2026-04-02 00:30:02','2026-04-02 00:30:02'),(226,6,'login',NULL,NULL,NULL,NULL,'127.0.0.1','Mozilla/5.0 (Windows NT 10.0; Win64; x64) AppleWebKit/537.36 (KHTML, like Gecko) Chrome/146.0.0.0 Safari/537.36 Edg/146.0.0.0','User logged in','2026-04-07 03:53:35','2026-04-07 03:53:35'),(227,7,'login',NULL,NULL,NULL,NULL,'127.0.0.1','Mozilla/5.0 (Windows NT 10.0; Win64; x64) AppleWebKit/537.36 (KHTML, like Gecko) Chrome/146.0.0.0 Safari/537.36 Edg/146.0.0.0','User logged in','2026-04-07 03:54:02','2026-04-07 03:54:02'),(228,6,'exam_start','App\\Models\\ExamAttempt',38,NULL,NULL,'127.0.0.1','Mozilla/5.0 (Windows NT 10.0; Win64; x64) AppleWebKit/537.36 (KHTML, like Gecko) Chrome/146.0.0.0 Safari/537.36 Edg/146.0.0.0','Started exam: no proctor','2026-04-07 03:55:46','2026-04-07 03:55:46'),(229,6,'violation','App\\Models\\ProctoringLog',63,NULL,NULL,'127.0.0.1','Mozilla/5.0 (Windows NT 10.0; Win64; x64) AppleWebKit/537.36 (KHTML, like Gecko) Chrome/146.0.0.0 Safari/537.36 Edg/146.0.0.0','Proctoring violation: keyboard_shortcut','2026-04-07 03:55:55','2026-04-07 03:55:55'),(230,6,'violation','App\\Models\\ProctoringLog',64,NULL,NULL,'127.0.0.1','Mozilla/5.0 (Windows NT 10.0; Win64; x64) AppleWebKit/537.36 (KHTML, like Gecko) Chrome/146.0.0.0 Safari/537.36 Edg/146.0.0.0','Proctoring violation: multiple_faces','2026-04-07 03:56:23','2026-04-07 03:56:23'),(231,6,'exam_submit','App\\Models\\ExamAttempt',38,NULL,NULL,'127.0.0.1','Mozilla/5.0 (Windows NT 10.0; Win64; x64) AppleWebKit/537.36 (KHTML, like Gecko) Chrome/146.0.0.0 Safari/537.36 Edg/146.0.0.0','Submitted exam: no proctor','2026-04-07 03:56:39','2026-04-07 03:56:39'),(268,6,'login',NULL,NULL,NULL,NULL,'127.0.0.1','Mozilla/5.0 (Windows NT 10.0; Win64; x64) AppleWebKit/537.36 (KHTML, like Gecko) Chrome/146.0.0.0 Safari/537.36 Edg/146.0.0.0','User logged in','2026-04-12 04:37:55','2026-04-12 04:37:55'),(269,6,'logout',NULL,NULL,NULL,NULL,'127.0.0.1','Mozilla/5.0 (Windows NT 10.0; Win64; x64) AppleWebKit/537.36 (KHTML, like Gecko) Chrome/146.0.0.0 Safari/537.36 Edg/146.0.0.0','User logged out','2026-04-12 04:39:07','2026-04-12 04:39:07'),(270,7,'login',NULL,NULL,NULL,NULL,'127.0.0.1','Mozilla/5.0 (Windows NT 10.0; Win64; x64) AppleWebKit/537.36 (KHTML, like Gecko) Chrome/146.0.0.0 Safari/537.36 Edg/146.0.0.0','User logged in','2026-04-12 04:43:22','2026-04-12 04:43:22'),(271,6,'login',NULL,NULL,NULL,NULL,'127.0.0.1','Mozilla/5.0 (Windows NT 10.0; Win64; x64) AppleWebKit/537.36 (KHTML, like Gecko) Chrome/146.0.0.0 Safari/537.36 Edg/146.0.0.0','User logged in','2026-04-12 04:44:05','2026-04-12 04:44:05'),(272,6,'exam_start','App\\Models\\ExamAttempt',63,NULL,NULL,'127.0.0.1','Mozilla/5.0 (Windows NT 10.0; Win64; x64) AppleWebKit/537.36 (KHTML, like Gecko) Chrome/146.0.0.0 Safari/537.36 Edg/146.0.0.0','Started exam: asd','2026-04-12 04:45:29','2026-04-12 04:45:29'),(273,6,'exam_submit','App\\Models\\ExamAttempt',63,NULL,NULL,'127.0.0.1','Mozilla/5.0 (Windows NT 10.0; Win64; x64) AppleWebKit/537.36 (KHTML, like Gecko) Chrome/146.0.0.0 Safari/537.36 Edg/146.0.0.0','Submitted exam: asd','2026-04-12 04:45:59','2026-04-12 04:45:59'),(274,6,'exam_start','App\\Models\\ExamAttempt',64,NULL,NULL,'127.0.0.1','Mozilla/5.0 (Windows NT 10.0; Win64; x64) AppleWebKit/537.36 (KHTML, like Gecko) Chrome/146.0.0.0 Safari/537.36 Edg/146.0.0.0','Started exam: asd','2026-04-12 04:46:39','2026-04-12 04:46:39'),(275,6,'violation','App\\Models\\ProctoringLog',65,NULL,NULL,'127.0.0.1','Mozilla/5.0 (Windows NT 10.0; Win64; x64) AppleWebKit/537.36 (KHTML, like Gecko) Chrome/146.0.0.0 Safari/537.36 Edg/146.0.0.0','Proctoring violation: keyboard_shortcut','2026-04-12 04:46:46','2026-04-12 04:46:46'),(276,6,'violation','App\\Models\\ProctoringLog',66,NULL,NULL,'127.0.0.1','Mozilla/5.0 (Windows NT 10.0; Win64; x64) AppleWebKit/537.36 (KHTML, like Gecko) Chrome/146.0.0.0 Safari/537.36 Edg/146.0.0.0','Proctoring violation: fullscreen_exit','2026-04-12 04:46:59','2026-04-12 04:46:59'),(277,6,'violation','App\\Models\\ProctoringLog',67,NULL,NULL,'127.0.0.1','Mozilla/5.0 (Windows NT 10.0; Win64; x64) AppleWebKit/537.36 (KHTML, like Gecko) Chrome/146.0.0.0 Safari/537.36 Edg/146.0.0.0','Proctoring violation: keyboard_shortcut','2026-04-12 04:47:19','2026-04-12 04:47:19'),(278,6,'violation','App\\Models\\ProctoringLog',68,NULL,NULL,'127.0.0.1','Mozilla/5.0 (Windows NT 10.0; Win64; x64) AppleWebKit/537.36 (KHTML, like Gecko) Chrome/146.0.0.0 Safari/537.36 Edg/146.0.0.0','Proctoring violation: keyboard_shortcut','2026-04-12 04:47:20','2026-04-12 04:47:20'),(279,6,'violation','App\\Models\\ProctoringLog',69,NULL,NULL,'127.0.0.1','Mozilla/5.0 (Windows NT 10.0; Win64; x64) AppleWebKit/537.36 (KHTML, like Gecko) Chrome/146.0.0.0 Safari/537.36 Edg/146.0.0.0','Proctoring violation: keyboard_shortcut','2026-04-12 04:47:20','2026-04-12 04:47:20'),(280,6,'exam_submit','App\\Models\\ExamAttempt',64,NULL,NULL,'127.0.0.1','Mozilla/5.0 (Windows NT 10.0; Win64; x64) AppleWebKit/537.36 (KHTML, like Gecko) Chrome/146.0.0.0 Safari/537.36 Edg/146.0.0.0','Submitted exam: asd (auto)','2026-04-12 04:47:21','2026-04-12 04:47:21'),(281,6,'logout',NULL,NULL,NULL,NULL,'127.0.0.1','Mozilla/5.0 (Windows NT 10.0; Win64; x64) AppleWebKit/537.36 (KHTML, like Gecko) Chrome/146.0.0.0 Safari/537.36 Edg/146.0.0.0','User logged out','2026-04-12 05:09:44','2026-04-12 05:09:44'),(282,1,'login',NULL,NULL,NULL,NULL,'127.0.0.1','Mozilla/5.0 (Windows NT 10.0; Win64; x64) AppleWebKit/537.36 (KHTML, like Gecko) Chrome/146.0.0.0 Safari/537.36 Edg/146.0.0.0','User logged in','2026-04-12 05:09:58','2026-04-12 05:09:58'),(319,7,'logout',NULL,NULL,NULL,NULL,'127.0.0.1','Mozilla/5.0 (Windows NT 10.0; Win64; x64) AppleWebKit/537.36 (KHTML, like Gecko) Chrome/146.0.0.0 Safari/537.36 Edg/146.0.0.0','User logged out','2026-04-12 05:52:48','2026-04-12 05:52:48'),(320,122,'create','App\\Models\\User',122,NULL,NULL,'127.0.0.1','Mozilla/5.0 (Windows NT 10.0; Win64; x64) AppleWebKit/537.36 (KHTML, like Gecko) Chrome/146.0.0.0 Safari/537.36 Edg/146.0.0.0','Siswa baru terdaftar','2026-04-12 05:54:11','2026-04-12 05:54:11'),(321,7,'login',NULL,NULL,NULL,NULL,'127.0.0.1','Mozilla/5.0 (Windows NT 10.0; Win64; x64) AppleWebKit/537.36 (KHTML, like Gecko) Chrome/146.0.0.0 Safari/537.36 Edg/146.0.0.0','User logged in','2026-04-12 05:58:44','2026-04-12 05:58:44'),(322,7,'logout',NULL,NULL,NULL,NULL,'127.0.0.1','Mozilla/5.0 (Windows NT 10.0; Win64; x64) AppleWebKit/537.36 (KHTML, like Gecko) Chrome/146.0.0.0 Safari/537.36 Edg/146.0.0.0','User logged out','2026-04-12 05:58:48','2026-04-12 05:58:48'),(323,1,'login',NULL,NULL,NULL,NULL,'127.0.0.1','Mozilla/5.0 (Windows NT 10.0; Win64; x64) AppleWebKit/537.36 (KHTML, like Gecko) Chrome/146.0.0.0 Safari/537.36 Edg/146.0.0.0','User logged in','2026-04-12 05:58:59','2026-04-12 05:58:59'),(324,122,'logout',NULL,NULL,NULL,NULL,'127.0.0.1','Mozilla/5.0 (Windows NT 10.0; Win64; x64) AppleWebKit/537.36 (KHTML, like Gecko) Chrome/146.0.0.0 Safari/537.36 Edg/146.0.0.0','User logged out','2026-04-12 05:59:43','2026-04-12 05:59:43'),(325,6,'login',NULL,NULL,NULL,NULL,'127.0.0.1','Mozilla/5.0 (Windows NT 10.0; Win64; x64) AppleWebKit/537.36 (KHTML, like Gecko) Chrome/146.0.0.0 Safari/537.36 Edg/146.0.0.0','User logged in','2026-04-12 06:02:18','2026-04-12 06:02:18'),(326,6,'login',NULL,NULL,NULL,NULL,'127.0.0.1','Mozilla/5.0 (Windows NT 10.0; Win64; x64) AppleWebKit/537.36 (KHTML, like Gecko) Chrome/147.0.0.0 Safari/537.36 Edg/147.0.0.0','User logged in','2026-04-20 02:12:39','2026-04-20 02:12:39'),(327,7,'login',NULL,NULL,NULL,NULL,'127.0.0.1','Mozilla/5.0 (Windows NT 10.0; Win64; x64) AppleWebKit/537.36 (KHTML, like Gecko) Chrome/147.0.0.0 Safari/537.36 Edg/147.0.0.0','User logged in','2026-04-20 02:13:00','2026-04-20 02:13:00'),(328,6,'exam_start','App\\Models\\ExamAttempt',89,NULL,NULL,'127.0.0.1','Mozilla/5.0 (Windows NT 10.0; Win64; x64) AppleWebKit/537.36 (KHTML, like Gecko) Chrome/147.0.0.0 Safari/537.36 Edg/147.0.0.0','Started exam: asdyaya','2026-04-20 02:37:19','2026-04-20 02:37:19'),(329,6,'violation','App\\Models\\ProctoringLog',70,NULL,NULL,'127.0.0.1','Mozilla/5.0 (Windows NT 10.0; Win64; x64) AppleWebKit/537.36 (KHTML, like Gecko) Chrome/147.0.0.0 Safari/537.36 Edg/147.0.0.0','Proctoring violation: keyboard_shortcut','2026-04-20 02:37:31','2026-04-20 02:37:31'),(330,6,'violation','App\\Models\\ProctoringLog',71,NULL,NULL,'127.0.0.1','Mozilla/5.0 (Windows NT 10.0; Win64; x64) AppleWebKit/537.36 (KHTML, like Gecko) Chrome/147.0.0.0 Safari/537.36 Edg/147.0.0.0','Proctoring violation: keyboard_shortcut','2026-04-20 02:37:32','2026-04-20 02:37:32'),(331,6,'violation','App\\Models\\ProctoringLog',72,NULL,NULL,'127.0.0.1','Mozilla/5.0 (Windows NT 10.0; Win64; x64) AppleWebKit/537.36 (KHTML, like Gecko) Chrome/147.0.0.0 Safari/537.36 Edg/147.0.0.0','Proctoring violation: keyboard_shortcut','2026-04-20 02:37:35','2026-04-20 02:37:35'),(332,6,'violation','App\\Models\\ProctoringLog',73,NULL,NULL,'127.0.0.1','Mozilla/5.0 (Windows NT 10.0; Win64; x64) AppleWebKit/537.36 (KHTML, like Gecko) Chrome/147.0.0.0 Safari/537.36 Edg/147.0.0.0','Proctoring violation: fullscreen_exit','2026-04-20 02:37:43','2026-04-20 02:37:43'),(333,6,'exam_submit','App\\Models\\ExamAttempt',89,NULL,NULL,'127.0.0.1','Mozilla/5.0 (Windows NT 10.0; Win64; x64) AppleWebKit/537.36 (KHTML, like Gecko) Chrome/147.0.0.0 Safari/537.36 Edg/147.0.0.0','Submitted exam: asdyaya','2026-04-20 02:45:10','2026-04-20 02:45:10'),(334,6,'exam_start','App\\Models\\ExamAttempt',90,NULL,NULL,'127.0.0.1','Mozilla/5.0 (Windows NT 10.0; Win64; x64) AppleWebKit/537.36 (KHTML, like Gecko) Chrome/147.0.0.0 Safari/537.36 Edg/147.0.0.0','Started exam: asdyaya','2026-04-20 02:46:14','2026-04-20 02:46:14'),(335,6,'violation','App\\Models\\ProctoringLog',74,NULL,NULL,'127.0.0.1','Mozilla/5.0 (Windows NT 10.0; Win64; x64) AppleWebKit/537.36 (KHTML, like Gecko) Chrome/147.0.0.0 Safari/537.36 Edg/147.0.0.0','Proctoring violation: keyboard_shortcut','2026-04-20 02:46:30','2026-04-20 02:46:30'),(336,6,'violation','App\\Models\\ProctoringLog',75,NULL,NULL,'127.0.0.1','Mozilla/5.0 (Windows NT 10.0; Win64; x64) AppleWebKit/537.36 (KHTML, like Gecko) Chrome/147.0.0.0 Safari/537.36 Edg/147.0.0.0','Proctoring violation: keyboard_shortcut','2026-04-20 02:46:30','2026-04-20 02:46:30'),(337,6,'violation','App\\Models\\ProctoringLog',76,NULL,NULL,'127.0.0.1','Mozilla/5.0 (Windows NT 10.0; Win64; x64) AppleWebKit/537.36 (KHTML, like Gecko) Chrome/147.0.0.0 Safari/537.36 Edg/147.0.0.0','Proctoring violation: keyboard_shortcut','2026-04-20 02:46:31','2026-04-20 02:46:31'),(338,6,'violation','App\\Models\\ProctoringLog',77,NULL,NULL,'127.0.0.1','Mozilla/5.0 (Windows NT 10.0; Win64; x64) AppleWebKit/537.36 (KHTML, like Gecko) Chrome/147.0.0.0 Safari/537.36 Edg/147.0.0.0','Proctoring violation: keyboard_shortcut','2026-04-20 02:46:32','2026-04-20 02:46:32'),(339,6,'violation','App\\Models\\ProctoringLog',78,NULL,NULL,'127.0.0.1','Mozilla/5.0 (Windows NT 10.0; Win64; x64) AppleWebKit/537.36 (KHTML, like Gecko) Chrome/147.0.0.0 Safari/537.36 Edg/147.0.0.0','Proctoring violation: keyboard_shortcut','2026-04-20 02:46:33','2026-04-20 02:46:33'),(340,6,'exam_submit','App\\Models\\ExamAttempt',90,NULL,NULL,'127.0.0.1','Mozilla/5.0 (Windows NT 10.0; Win64; x64) AppleWebKit/537.36 (KHTML, like Gecko) Chrome/147.0.0.0 Safari/537.36 Edg/147.0.0.0','Submitted exam: asdyaya (auto)','2026-04-20 02:46:34','2026-04-20 02:46:34'),(341,7,'login',NULL,NULL,NULL,NULL,'127.0.0.1','Mozilla/5.0 (Windows NT 10.0; Win64; x64) AppleWebKit/537.36 (KHTML, like Gecko) Chrome/147.0.0.0 Safari/537.36 Edg/147.0.0.0','User logged in','2026-04-20 07:08:48','2026-04-20 07:08:48'),(426,6,'login',NULL,NULL,NULL,NULL,'127.0.0.1','Mozilla/5.0 (Windows NT 10.0; Win64; x64) AppleWebKit/537.36 (KHTML, like Gecko) Chrome/147.0.0.0 Safari/537.36 Edg/147.0.0.0','User logged in','2026-04-20 07:54:31','2026-04-20 07:54:31'),(427,6,'exam_start','App\\Models\\ExamAttempt',147,NULL,NULL,'127.0.0.1','Mozilla/5.0 (Windows NT 10.0; Win64; x64) AppleWebKit/537.36 (KHTML, like Gecko) Chrome/147.0.0.0 Safari/537.36 Edg/147.0.0.0','Started exam: asdyaya','2026-04-20 07:55:01','2026-04-20 07:55:01'),(428,6,'exam_submit','App\\Models\\ExamAttempt',147,NULL,NULL,'127.0.0.1','Mozilla/5.0 (Windows NT 10.0; Win64; x64) AppleWebKit/537.36 (KHTML, like Gecko) Chrome/147.0.0.0 Safari/537.36 Edg/147.0.0.0','Submitted exam: asdyaya','2026-04-20 07:55:32','2026-04-20 07:55:32'),(441,6,'exam_start','App\\Models\\ExamAttempt',156,NULL,NULL,'127.0.0.1','Mozilla/5.0 (Windows NT 10.0; Win64; x64) AppleWebKit/537.36 (KHTML, like Gecko) Chrome/147.0.0.0 Safari/537.36 Edg/147.0.0.0','Started exam: asdyaya','2026-04-20 08:10:04','2026-04-20 08:10:04'),(442,6,'violation','App\\Models\\ProctoringLog',79,NULL,NULL,'127.0.0.1','Mozilla/5.0 (Windows NT 10.0; Win64; x64) AppleWebKit/537.36 (KHTML, like Gecko) Chrome/147.0.0.0 Safari/537.36 Edg/147.0.0.0','Proctoring violation: keyboard_shortcut','2026-04-20 08:10:22','2026-04-20 08:10:22'),(443,6,'violation','App\\Models\\ProctoringLog',80,NULL,NULL,'127.0.0.1','Mozilla/5.0 (Windows NT 10.0; Win64; x64) AppleWebKit/537.36 (KHTML, like Gecko) Chrome/147.0.0.0 Safari/537.36 Edg/147.0.0.0','Proctoring violation: keyboard_shortcut','2026-04-20 08:10:22','2026-04-20 08:10:22'),(444,6,'violation','App\\Models\\ProctoringLog',81,NULL,NULL,'127.0.0.1','Mozilla/5.0 (Windows NT 10.0; Win64; x64) AppleWebKit/537.36 (KHTML, like Gecko) Chrome/147.0.0.0 Safari/537.36 Edg/147.0.0.0','Proctoring violation: keyboard_shortcut','2026-04-20 08:10:22','2026-04-20 08:10:22'),(445,6,'exam_submit','App\\Models\\ExamAttempt',156,NULL,NULL,'127.0.0.1','Mozilla/5.0 (Windows NT 10.0; Win64; x64) AppleWebKit/537.36 (KHTML, like Gecko) Chrome/147.0.0.0 Safari/537.36 Edg/147.0.0.0','Submitted exam: asdyaya','2026-04-20 08:10:57','2026-04-20 08:10:57'),(446,6,'exam_start','App\\Models\\ExamAttempt',157,NULL,NULL,'127.0.0.1','Mozilla/5.0 (Windows NT 10.0; Win64; x64) AppleWebKit/537.36 (KHTML, like Gecko) Chrome/147.0.0.0 Safari/537.36 Edg/147.0.0.0','Started exam: tes gambar','2026-04-20 08:52:42','2026-04-20 08:52:42'),(447,6,'violation','App\\Models\\ProctoringLog',82,NULL,NULL,'127.0.0.1','Mozilla/5.0 (Windows NT 10.0; Win64; x64) AppleWebKit/537.36 (KHTML, like Gecko) Chrome/147.0.0.0 Safari/537.36 Edg/147.0.0.0','Proctoring violation: keyboard_shortcut','2026-04-20 08:52:56','2026-04-20 08:52:56'),(448,6,'violation','App\\Models\\ProctoringLog',83,NULL,NULL,'127.0.0.1','Mozilla/5.0 (Windows NT 10.0; Win64; x64) AppleWebKit/537.36 (KHTML, like Gecko) Chrome/147.0.0.0 Safari/537.36 Edg/147.0.0.0','Proctoring violation: keyboard_shortcut','2026-04-20 08:52:56','2026-04-20 08:52:56'),(449,6,'violation','App\\Models\\ProctoringLog',84,NULL,NULL,'127.0.0.1','Mozilla/5.0 (Windows NT 10.0; Win64; x64) AppleWebKit/537.36 (KHTML, like Gecko) Chrome/147.0.0.0 Safari/537.36 Edg/147.0.0.0','Proctoring violation: keyboard_shortcut','2026-04-20 08:52:56','2026-04-20 08:52:56'),(450,6,'violation','App\\Models\\ProctoringLog',85,NULL,NULL,'127.0.0.1','Mozilla/5.0 (Windows NT 10.0; Win64; x64) AppleWebKit/537.36 (KHTML, like Gecko) Chrome/147.0.0.0 Safari/537.36 Edg/147.0.0.0','Proctoring violation: keyboard_shortcut','2026-04-20 08:52:57','2026-04-20 08:52:57'),(451,6,'violation','App\\Models\\ProctoringLog',86,NULL,NULL,'127.0.0.1','Mozilla/5.0 (Windows NT 10.0; Win64; x64) AppleWebKit/537.36 (KHTML, like Gecko) Chrome/147.0.0.0 Safari/537.36 Edg/147.0.0.0','Proctoring violation: keyboard_shortcut','2026-04-20 08:52:57','2026-04-20 08:52:57'),(452,6,'violation','App\\Models\\ProctoringLog',87,NULL,NULL,'127.0.0.1','Mozilla/5.0 (Windows NT 10.0; Win64; x64) AppleWebKit/537.36 (KHTML, like Gecko) Chrome/147.0.0.0 Safari/537.36 Edg/147.0.0.0','Proctoring violation: keyboard_shortcut','2026-04-20 08:52:57','2026-04-20 08:52:57'),(453,6,'violation','App\\Models\\ProctoringLog',88,NULL,NULL,'127.0.0.1','Mozilla/5.0 (Windows NT 10.0; Win64; x64) AppleWebKit/537.36 (KHTML, like Gecko) Chrome/147.0.0.0 Safari/537.36 Edg/147.0.0.0','Proctoring violation: keyboard_shortcut','2026-04-20 08:52:58','2026-04-20 08:52:58'),(454,6,'exam_submit','App\\Models\\ExamAttempt',157,NULL,NULL,'127.0.0.1','Mozilla/5.0 (Windows NT 10.0; Win64; x64) AppleWebKit/537.36 (KHTML, like Gecko) Chrome/147.0.0.0 Safari/537.36 Edg/147.0.0.0','Submitted exam: tes gambar (auto)','2026-04-20 08:53:00','2026-04-20 08:53:00'),(455,6,'exam_start','App\\Models\\ExamAttempt',158,NULL,NULL,'127.0.0.1','Mozilla/5.0 (Windows NT 10.0; Win64; x64) AppleWebKit/537.36 (KHTML, like Gecko) Chrome/147.0.0.0 Safari/537.36 Edg/147.0.0.0','Started exam: tes gambar','2026-04-20 09:06:57','2026-04-20 09:06:57'),(456,6,'violation','App\\Models\\ProctoringLog',89,NULL,NULL,'127.0.0.1','Mozilla/5.0 (Windows NT 10.0; Win64; x64) AppleWebKit/537.36 (KHTML, like Gecko) Chrome/147.0.0.0 Safari/537.36 Edg/147.0.0.0','Proctoring violation: keyboard_shortcut','2026-04-20 09:07:25','2026-04-20 09:07:25'),(457,6,'violation','App\\Models\\ProctoringLog',90,NULL,NULL,'127.0.0.1','Mozilla/5.0 (Windows NT 10.0; Win64; x64) AppleWebKit/537.36 (KHTML, like Gecko) Chrome/147.0.0.0 Safari/537.36 Edg/147.0.0.0','Proctoring violation: keyboard_shortcut','2026-04-20 09:07:57','2026-04-20 09:07:57'),(458,6,'violation','App\\Models\\ProctoringLog',91,NULL,NULL,'127.0.0.1','Mozilla/5.0 (Windows NT 10.0; Win64; x64) AppleWebKit/537.36 (KHTML, like Gecko) Chrome/147.0.0.0 Safari/537.36 Edg/147.0.0.0','Proctoring violation: keyboard_shortcut','2026-04-20 09:07:58','2026-04-20 09:07:58'),(459,6,'violation','App\\Models\\ProctoringLog',92,NULL,NULL,'127.0.0.1','Mozilla/5.0 (Windows NT 10.0; Win64; x64) AppleWebKit/537.36 (KHTML, like Gecko) Chrome/147.0.0.0 Safari/537.36 Edg/147.0.0.0','Proctoring violation: keyboard_shortcut','2026-04-20 09:07:58','2026-04-20 09:07:58'),(460,6,'exam_submit','App\\Models\\ExamAttempt',158,NULL,NULL,'127.0.0.1','Mozilla/5.0 (Windows NT 10.0; Win64; x64) AppleWebKit/537.36 (KHTML, like Gecko) Chrome/147.0.0.0 Safari/537.36 Edg/147.0.0.0','Submitted exam: tes gambar (auto)','2026-04-20 09:08:00','2026-04-20 09:08:00'),(473,6,'exam_start','App\\Models\\ExamAttempt',169,NULL,NULL,'127.0.0.1','Mozilla/5.0 (Windows NT 10.0; Win64; x64) AppleWebKit/537.36 (KHTML, like Gecko) Chrome/147.0.0.0 Safari/537.36 Edg/147.0.0.0','Started exam: tes','2026-04-20 09:41:31','2026-04-20 09:41:31'),(474,6,'violation','App\\Models\\ProctoringLog',93,NULL,NULL,'127.0.0.1','Mozilla/5.0 (Windows NT 10.0; Win64; x64) AppleWebKit/537.36 (KHTML, like Gecko) Chrome/147.0.0.0 Safari/537.36 Edg/147.0.0.0','Proctoring violation: keyboard_shortcut','2026-04-20 09:41:37','2026-04-20 09:41:37'),(475,6,'violation','App\\Models\\ProctoringLog',94,NULL,NULL,'127.0.0.1','Mozilla/5.0 (Windows NT 10.0; Win64; x64) AppleWebKit/537.36 (KHTML, like Gecko) Chrome/147.0.0.0 Safari/537.36 Edg/147.0.0.0','Proctoring violation: keyboard_shortcut','2026-04-20 09:41:39','2026-04-20 09:41:39'),(476,6,'violation','App\\Models\\ProctoringLog',95,NULL,NULL,'127.0.0.1','Mozilla/5.0 (Windows NT 10.0; Win64; x64) AppleWebKit/537.36 (KHTML, like Gecko) Chrome/147.0.0.0 Safari/537.36 Edg/147.0.0.0','Proctoring violation: keyboard_shortcut','2026-04-20 09:41:40','2026-04-20 09:41:40'),(477,6,'violation','App\\Models\\ProctoringLog',96,NULL,NULL,'127.0.0.1','Mozilla/5.0 (Windows NT 10.0; Win64; x64) AppleWebKit/537.36 (KHTML, like Gecko) Chrome/147.0.0.0 Safari/537.36 Edg/147.0.0.0','Proctoring violation: keyboard_shortcut','2026-04-20 09:41:42','2026-04-20 09:41:42'),(478,6,'violation','App\\Models\\ProctoringLog',97,NULL,NULL,'127.0.0.1','Mozilla/5.0 (Windows NT 10.0; Win64; x64) AppleWebKit/537.36 (KHTML, like Gecko) Chrome/147.0.0.0 Safari/537.36 Edg/147.0.0.0','Proctoring violation: keyboard_shortcut','2026-04-20 09:41:42','2026-04-20 09:41:42'),(479,6,'violation','App\\Models\\ProctoringLog',98,NULL,NULL,'127.0.0.1','Mozilla/5.0 (Windows NT 10.0; Win64; x64) AppleWebKit/537.36 (KHTML, like Gecko) Chrome/147.0.0.0 Safari/537.36 Edg/147.0.0.0','Proctoring violation: keyboard_shortcut','2026-04-20 09:41:44','2026-04-20 09:41:44'),(480,6,'exam_submit','App\\Models\\ExamAttempt',169,NULL,NULL,'127.0.0.1','Mozilla/5.0 (Windows NT 10.0; Win64; x64) AppleWebKit/537.36 (KHTML, like Gecko) Chrome/147.0.0.0 Safari/537.36 Edg/147.0.0.0','Submitted exam: tes (auto)','2026-04-20 09:41:48','2026-04-20 09:41:48'),(481,6,'exam_start','App\\Models\\ExamAttempt',170,NULL,NULL,'127.0.0.1','Mozilla/5.0 (Windows NT 10.0; Win64; x64) AppleWebKit/537.36 (KHTML, like Gecko) Chrome/147.0.0.0 Safari/537.36 Edg/147.0.0.0','Started exam: tes','2026-04-20 09:44:26','2026-04-20 09:44:26'),(482,6,'violation','App\\Models\\ProctoringLog',99,NULL,NULL,'127.0.0.1','Mozilla/5.0 (Windows NT 10.0; Win64; x64) AppleWebKit/537.36 (KHTML, like Gecko) Chrome/147.0.0.0 Safari/537.36 Edg/147.0.0.0','Proctoring violation: keyboard_shortcut','2026-04-20 09:44:31','2026-04-20 09:44:31'),(483,6,'violation','App\\Models\\ProctoringLog',100,NULL,NULL,'127.0.0.1','Mozilla/5.0 (Windows NT 10.0; Win64; x64) AppleWebKit/537.36 (KHTML, like Gecko) Chrome/147.0.0.0 Safari/537.36 Edg/147.0.0.0','Proctoring violation: keyboard_shortcut','2026-04-20 09:44:31','2026-04-20 09:44:31'),(484,6,'violation','App\\Models\\ProctoringLog',101,NULL,NULL,'127.0.0.1','Mozilla/5.0 (Windows NT 10.0; Win64; x64) AppleWebKit/537.36 (KHTML, like Gecko) Chrome/147.0.0.0 Safari/537.36 Edg/147.0.0.0','Proctoring violation: keyboard_shortcut','2026-04-20 09:44:31','2026-04-20 09:44:31'),(485,6,'violation','App\\Models\\ProctoringLog',102,NULL,NULL,'127.0.0.1','Mozilla/5.0 (Windows NT 10.0; Win64; x64) AppleWebKit/537.36 (KHTML, like Gecko) Chrome/147.0.0.0 Safari/537.36 Edg/147.0.0.0','Proctoring violation: keyboard_shortcut','2026-04-20 09:44:33','2026-04-20 09:44:33'),(486,6,'violation','App\\Models\\ProctoringLog',103,NULL,NULL,'127.0.0.1','Mozilla/5.0 (Windows NT 10.0; Win64; x64) AppleWebKit/537.36 (KHTML, like Gecko) Chrome/147.0.0.0 Safari/537.36 Edg/147.0.0.0','Proctoring violation: keyboard_shortcut','2026-04-20 09:44:33','2026-04-20 09:44:33'),(487,6,'violation','App\\Models\\ProctoringLog',104,NULL,NULL,'127.0.0.1','Mozilla/5.0 (Windows NT 10.0; Win64; x64) AppleWebKit/537.36 (KHTML, like Gecko) Chrome/147.0.0.0 Safari/537.36 Edg/147.0.0.0','Proctoring violation: keyboard_shortcut','2026-04-20 09:44:33','2026-04-20 09:44:33'),(488,6,'exam_submit','App\\Models\\ExamAttempt',170,NULL,NULL,'127.0.0.1','Mozilla/5.0 (Windows NT 10.0; Win64; x64) AppleWebKit/537.36 (KHTML, like Gecko) Chrome/147.0.0.0 Safari/537.36 Edg/147.0.0.0','Submitted exam: tes (auto)','2026-04-20 09:44:35','2026-04-20 09:44:35'),(573,6,'exam_start','App\\Models\\ExamAttempt',240,NULL,NULL,'127.0.0.1','Mozilla/5.0 (Windows NT 10.0; Win64; x64) AppleWebKit/537.36 (KHTML, like Gecko) Chrome/147.0.0.0 Safari/537.36 Edg/147.0.0.0','Started exam: tes','2026-04-20 11:42:46','2026-04-20 11:42:46'),(574,6,'violation','App\\Models\\ProctoringLog',105,NULL,NULL,'127.0.0.1','Mozilla/5.0 (Windows NT 10.0; Win64; x64) AppleWebKit/537.36 (KHTML, like Gecko) Chrome/147.0.0.0 Safari/537.36 Edg/147.0.0.0','Proctoring violation: keyboard_shortcut','2026-04-20 11:42:50','2026-04-20 11:42:50'),(575,6,'violation','App\\Models\\ProctoringLog',106,NULL,NULL,'127.0.0.1','Mozilla/5.0 (Windows NT 10.0; Win64; x64) AppleWebKit/537.36 (KHTML, like Gecko) Chrome/147.0.0.0 Safari/537.36 Edg/147.0.0.0','Proctoring violation: keyboard_shortcut','2026-04-20 11:42:52','2026-04-20 11:42:52'),(576,6,'violation','App\\Models\\ProctoringLog',107,NULL,NULL,'127.0.0.1','Mozilla/5.0 (Windows NT 10.0; Win64; x64) AppleWebKit/537.36 (KHTML, like Gecko) Chrome/147.0.0.0 Safari/537.36 Edg/147.0.0.0','Proctoring violation: keyboard_shortcut','2026-04-20 11:42:52','2026-04-20 11:42:52'),(577,6,'violation','App\\Models\\ProctoringLog',108,NULL,NULL,'127.0.0.1','Mozilla/5.0 (Windows NT 10.0; Win64; x64) AppleWebKit/537.36 (KHTML, like Gecko) Chrome/147.0.0.0 Safari/537.36 Edg/147.0.0.0','Proctoring violation: keyboard_shortcut','2026-04-20 11:42:52','2026-04-20 11:42:52'),(578,6,'violation','App\\Models\\ProctoringLog',109,NULL,NULL,'127.0.0.1','Mozilla/5.0 (Windows NT 10.0; Win64; x64) AppleWebKit/537.36 (KHTML, like Gecko) Chrome/147.0.0.0 Safari/537.36 Edg/147.0.0.0','Proctoring violation: keyboard_shortcut','2026-04-20 11:42:52','2026-04-20 11:42:52'),(579,6,'violation','App\\Models\\ProctoringLog',110,NULL,NULL,'127.0.0.1','Mozilla/5.0 (Windows NT 10.0; Win64; x64) AppleWebKit/537.36 (KHTML, like Gecko) Chrome/147.0.0.0 Safari/537.36 Edg/147.0.0.0','Proctoring violation: keyboard_shortcut','2026-04-20 11:42:53','2026-04-20 11:42:53'),(580,6,'violation','App\\Models\\ProctoringLog',111,NULL,NULL,'127.0.0.1','Mozilla/5.0 (Windows NT 10.0; Win64; x64) AppleWebKit/537.36 (KHTML, like Gecko) Chrome/147.0.0.0 Safari/537.36 Edg/147.0.0.0','Proctoring violation: keyboard_shortcut','2026-04-20 11:42:53','2026-04-20 11:42:53'),(581,6,'violation','App\\Models\\ProctoringLog',112,NULL,NULL,'127.0.0.1','Mozilla/5.0 (Windows NT 10.0; Win64; x64) AppleWebKit/537.36 (KHTML, like Gecko) Chrome/147.0.0.0 Safari/537.36 Edg/147.0.0.0','Proctoring violation: keyboard_shortcut','2026-04-20 11:42:53','2026-04-20 11:42:53'),(582,6,'violation','App\\Models\\ProctoringLog',113,NULL,NULL,'127.0.0.1','Mozilla/5.0 (Windows NT 10.0; Win64; x64) AppleWebKit/537.36 (KHTML, like Gecko) Chrome/147.0.0.0 Safari/537.36 Edg/147.0.0.0','Proctoring violation: keyboard_shortcut','2026-04-20 11:42:54','2026-04-20 11:42:54'),(583,6,'exam_submit','App\\Models\\ExamAttempt',240,NULL,NULL,'127.0.0.1','Mozilla/5.0 (Windows NT 10.0; Win64; x64) AppleWebKit/537.36 (KHTML, like Gecko) Chrome/147.0.0.0 Safari/537.36 Edg/147.0.0.0','Submitted exam: tes (auto)','2026-04-20 11:43:11','2026-04-20 11:43:11'),(596,6,'exam_start','App\\Models\\ExamAttempt',253,NULL,NULL,'127.0.0.1','Mozilla/5.0 (Windows NT 10.0; Win64; x64) AppleWebKit/537.36 (KHTML, like Gecko) Chrome/147.0.0.0 Safari/537.36 Edg/147.0.0.0','Started exam: tes','2026-04-20 11:47:09','2026-04-20 11:47:09'),(597,6,'violation','App\\Models\\ProctoringLog',114,NULL,NULL,'127.0.0.1','Mozilla/5.0 (Windows NT 10.0; Win64; x64) AppleWebKit/537.36 (KHTML, like Gecko) Chrome/147.0.0.0 Safari/537.36 Edg/147.0.0.0','Proctoring violation: keyboard_shortcut','2026-04-20 11:47:16','2026-04-20 11:47:16'),(598,6,'violation','App\\Models\\ProctoringLog',115,NULL,NULL,'127.0.0.1','Mozilla/5.0 (Windows NT 10.0; Win64; x64) AppleWebKit/537.36 (KHTML, like Gecko) Chrome/147.0.0.0 Safari/537.36 Edg/147.0.0.0','Proctoring violation: keyboard_shortcut','2026-04-20 11:47:17','2026-04-20 11:47:17'),(599,6,'violation','App\\Models\\ProctoringLog',116,NULL,NULL,'127.0.0.1','Mozilla/5.0 (Windows NT 10.0; Win64; x64) AppleWebKit/537.36 (KHTML, like Gecko) Chrome/147.0.0.0 Safari/537.36 Edg/147.0.0.0','Proctoring violation: keyboard_shortcut','2026-04-20 11:47:17','2026-04-20 11:47:17'),(600,6,'violation','App\\Models\\ProctoringLog',117,NULL,NULL,'127.0.0.1','Mozilla/5.0 (Windows NT 10.0; Win64; x64) AppleWebKit/537.36 (KHTML, like Gecko) Chrome/147.0.0.0 Safari/537.36 Edg/147.0.0.0','Proctoring violation: keyboard_shortcut','2026-04-20 11:47:17','2026-04-20 11:47:17'),(601,6,'violation','App\\Models\\ProctoringLog',118,NULL,NULL,'127.0.0.1','Mozilla/5.0 (Windows NT 10.0; Win64; x64) AppleWebKit/537.36 (KHTML, like Gecko) Chrome/147.0.0.0 Safari/537.36 Edg/147.0.0.0','Proctoring violation: keyboard_shortcut','2026-04-20 11:47:21','2026-04-20 11:47:21'),(602,6,'violation','App\\Models\\ProctoringLog',119,NULL,NULL,'127.0.0.1','Mozilla/5.0 (Windows NT 10.0; Win64; x64) AppleWebKit/537.36 (KHTML, like Gecko) Chrome/147.0.0.0 Safari/537.36 Edg/147.0.0.0','Proctoring violation: keyboard_shortcut','2026-04-20 11:47:22','2026-04-20 11:47:22'),(603,6,'violation','App\\Models\\ProctoringLog',120,NULL,NULL,'127.0.0.1','Mozilla/5.0 (Windows NT 10.0; Win64; x64) AppleWebKit/537.36 (KHTML, like Gecko) Chrome/147.0.0.0 Safari/537.36 Edg/147.0.0.0','Proctoring violation: keyboard_shortcut','2026-04-20 11:47:23','2026-04-20 11:47:23'),(604,6,'exam_submit','App\\Models\\ExamAttempt',253,NULL,NULL,'127.0.0.1','Mozilla/5.0 (Windows NT 10.0; Win64; x64) AppleWebKit/537.36 (KHTML, like Gecko) Chrome/147.0.0.0 Safari/537.36 Edg/147.0.0.0','Submitted exam: tes (auto)','2026-04-20 11:47:32','2026-04-20 11:47:32'),(629,6,'exam_start','App\\Models\\ExamAttempt',278,NULL,NULL,'127.0.0.1','Mozilla/5.0 (Windows NT 10.0; Win64; x64) AppleWebKit/537.36 (KHTML, like Gecko) Chrome/147.0.0.0 Safari/537.36 Edg/147.0.0.0','Started exam: tes','2026-04-20 11:55:52','2026-04-20 11:55:52'),(630,6,'violation','App\\Models\\ProctoringLog',121,NULL,NULL,'127.0.0.1','Mozilla/5.0 (Windows NT 10.0; Win64; x64) AppleWebKit/537.36 (KHTML, like Gecko) Chrome/147.0.0.0 Safari/537.36 Edg/147.0.0.0','Proctoring violation: keyboard_shortcut','2026-04-20 11:56:01','2026-04-20 11:56:01'),(631,6,'violation','App\\Models\\ProctoringLog',122,NULL,NULL,'127.0.0.1','Mozilla/5.0 (Windows NT 10.0; Win64; x64) AppleWebKit/537.36 (KHTML, like Gecko) Chrome/147.0.0.0 Safari/537.36 Edg/147.0.0.0','Proctoring violation: keyboard_shortcut','2026-04-20 11:56:03','2026-04-20 11:56:03'),(632,6,'violation','App\\Models\\ProctoringLog',123,NULL,NULL,'127.0.0.1','Mozilla/5.0 (Windows NT 10.0; Win64; x64) AppleWebKit/537.36 (KHTML, like Gecko) Chrome/147.0.0.0 Safari/537.36 Edg/147.0.0.0','Proctoring violation: keyboard_shortcut','2026-04-20 11:56:03','2026-04-20 11:56:03'),(633,6,'violation','App\\Models\\ProctoringLog',124,NULL,NULL,'127.0.0.1','Mozilla/5.0 (Windows NT 10.0; Win64; x64) AppleWebKit/537.36 (KHTML, like Gecko) Chrome/147.0.0.0 Safari/537.36 Edg/147.0.0.0','Proctoring violation: keyboard_shortcut','2026-04-20 11:56:04','2026-04-20 11:56:04'),(634,6,'violation','App\\Models\\ProctoringLog',125,NULL,NULL,'127.0.0.1','Mozilla/5.0 (Windows NT 10.0; Win64; x64) AppleWebKit/537.36 (KHTML, like Gecko) Chrome/147.0.0.0 Safari/537.36 Edg/147.0.0.0','Proctoring violation: keyboard_shortcut','2026-04-20 11:56:04','2026-04-20 11:56:04'),(635,6,'violation','App\\Models\\ProctoringLog',126,NULL,NULL,'127.0.0.1','Mozilla/5.0 (Windows NT 10.0; Win64; x64) AppleWebKit/537.36 (KHTML, like Gecko) Chrome/147.0.0.0 Safari/537.36 Edg/147.0.0.0','Proctoring violation: keyboard_shortcut','2026-04-20 11:56:04','2026-04-20 11:56:04'),(636,6,'violation','App\\Models\\ProctoringLog',127,NULL,NULL,'127.0.0.1','Mozilla/5.0 (Windows NT 10.0; Win64; x64) AppleWebKit/537.36 (KHTML, like Gecko) Chrome/147.0.0.0 Safari/537.36 Edg/147.0.0.0','Proctoring violation: keyboard_shortcut','2026-04-20 11:56:04','2026-04-20 11:56:04'),(637,6,'violation','App\\Models\\ProctoringLog',128,NULL,NULL,'127.0.0.1','Mozilla/5.0 (Windows NT 10.0; Win64; x64) AppleWebKit/537.36 (KHTML, like Gecko) Chrome/147.0.0.0 Safari/537.36 Edg/147.0.0.0','Proctoring violation: keyboard_shortcut','2026-04-20 11:56:05','2026-04-20 11:56:05'),(638,6,'violation','App\\Models\\ProctoringLog',129,NULL,NULL,'127.0.0.1','Mozilla/5.0 (Windows NT 10.0; Win64; x64) AppleWebKit/537.36 (KHTML, like Gecko) Chrome/147.0.0.0 Safari/537.36 Edg/147.0.0.0','Proctoring violation: keyboard_shortcut','2026-04-20 11:56:05','2026-04-20 11:56:05'),(639,6,'violation','App\\Models\\ProctoringLog',130,NULL,NULL,'127.0.0.1','Mozilla/5.0 (Windows NT 10.0; Win64; x64) AppleWebKit/537.36 (KHTML, like Gecko) Chrome/147.0.0.0 Safari/537.36 Edg/147.0.0.0','Proctoring violation: keyboard_shortcut','2026-04-20 11:56:05','2026-04-20 11:56:05'),(640,6,'violation','App\\Models\\ProctoringLog',131,NULL,NULL,'127.0.0.1','Mozilla/5.0 (Windows NT 10.0; Win64; x64) AppleWebKit/537.36 (KHTML, like Gecko) Chrome/147.0.0.0 Safari/537.36 Edg/147.0.0.0','Proctoring violation: keyboard_shortcut','2026-04-20 11:56:05','2026-04-20 11:56:05'),(641,6,'violation','App\\Models\\ProctoringLog',132,NULL,NULL,'127.0.0.1','Mozilla/5.0 (Windows NT 10.0; Win64; x64) AppleWebKit/537.36 (KHTML, like Gecko) Chrome/147.0.0.0 Safari/537.36 Edg/147.0.0.0','Proctoring violation: keyboard_shortcut','2026-04-20 11:56:05','2026-04-20 11:56:05'),(642,6,'violation','App\\Models\\ProctoringLog',133,NULL,NULL,'127.0.0.1','Mozilla/5.0 (Windows NT 10.0; Win64; x64) AppleWebKit/537.36 (KHTML, like Gecko) Chrome/147.0.0.0 Safari/537.36 Edg/147.0.0.0','Proctoring violation: keyboard_shortcut','2026-04-20 11:56:06','2026-04-20 11:56:06'),(643,6,'violation','App\\Models\\ProctoringLog',134,NULL,NULL,'127.0.0.1','Mozilla/5.0 (Windows NT 10.0; Win64; x64) AppleWebKit/537.36 (KHTML, like Gecko) Chrome/147.0.0.0 Safari/537.36 Edg/147.0.0.0','Proctoring violation: keyboard_shortcut','2026-04-20 11:56:08','2026-04-20 11:56:08'),(644,6,'violation','App\\Models\\ProctoringLog',135,NULL,NULL,'127.0.0.1','Mozilla/5.0 (Windows NT 10.0; Win64; x64) AppleWebKit/537.36 (KHTML, like Gecko) Chrome/147.0.0.0 Safari/537.36 Edg/147.0.0.0','Proctoring violation: keyboard_shortcut','2026-04-20 11:56:09','2026-04-20 11:56:09'),(645,6,'violation','App\\Models\\ProctoringLog',136,NULL,NULL,'127.0.0.1','Mozilla/5.0 (Windows NT 10.0; Win64; x64) AppleWebKit/537.36 (KHTML, like Gecko) Chrome/147.0.0.0 Safari/537.36 Edg/147.0.0.0','Proctoring violation: keyboard_shortcut','2026-04-20 11:56:11','2026-04-20 11:56:11'),(646,6,'violation','App\\Models\\ProctoringLog',137,NULL,NULL,'127.0.0.1','Mozilla/5.0 (Windows NT 10.0; Win64; x64) AppleWebKit/537.36 (KHTML, like Gecko) Chrome/147.0.0.0 Safari/537.36 Edg/147.0.0.0','Proctoring violation: keyboard_shortcut','2026-04-20 11:56:11','2026-04-20 11:56:11'),(647,6,'violation','App\\Models\\ProctoringLog',138,NULL,NULL,'127.0.0.1','Mozilla/5.0 (Windows NT 10.0; Win64; x64) AppleWebKit/537.36 (KHTML, like Gecko) Chrome/147.0.0.0 Safari/537.36 Edg/147.0.0.0','Proctoring violation: keyboard_shortcut','2026-04-20 11:56:13','2026-04-20 11:56:13'),(648,6,'violation','App\\Models\\ProctoringLog',139,NULL,NULL,'127.0.0.1','Mozilla/5.0 (Windows NT 10.0; Win64; x64) AppleWebKit/537.36 (KHTML, like Gecko) Chrome/147.0.0.0 Safari/537.36 Edg/147.0.0.0','Proctoring violation: keyboard_shortcut','2026-04-20 11:56:13','2026-04-20 11:56:13'),(649,6,'violation','App\\Models\\ProctoringLog',140,NULL,NULL,'127.0.0.1','Mozilla/5.0 (Windows NT 10.0; Win64; x64) AppleWebKit/537.36 (KHTML, like Gecko) Chrome/147.0.0.0 Safari/537.36 Edg/147.0.0.0','Proctoring violation: keyboard_shortcut','2026-04-20 11:56:15','2026-04-20 11:56:15'),(650,6,'exam_submit','App\\Models\\ExamAttempt',278,NULL,NULL,'127.0.0.1','Mozilla/5.0 (Windows NT 10.0; Win64; x64) AppleWebKit/537.36 (KHTML, like Gecko) Chrome/147.0.0.0 Safari/537.36 Edg/147.0.0.0','Submitted exam: tes (auto)','2026-04-20 11:56:16','2026-04-20 11:56:16'),(687,6,'exam_start','App\\Models\\ExamAttempt',322,NULL,NULL,'127.0.0.1','Mozilla/5.0 (Windows NT 10.0; Win64; x64) AppleWebKit/537.36 (KHTML, like Gecko) Chrome/147.0.0.0 Safari/537.36 Edg/147.0.0.0','Started exam: tes','2026-04-20 12:33:34','2026-04-20 12:33:34'),(688,6,'violation','App\\Models\\ProctoringLog',141,NULL,NULL,'127.0.0.1','Mozilla/5.0 (Windows NT 10.0; Win64; x64) AppleWebKit/537.36 (KHTML, like Gecko) Chrome/147.0.0.0 Safari/537.36 Edg/147.0.0.0','Proctoring violation: window_blur','2026-04-20 12:33:40','2026-04-20 12:33:40'),(689,6,'violation','App\\Models\\ProctoringLog',142,NULL,NULL,'127.0.0.1','Mozilla/5.0 (Windows NT 10.0; Win64; x64) AppleWebKit/537.36 (KHTML, like Gecko) Chrome/147.0.0.0 Safari/537.36 Edg/147.0.0.0','Proctoring violation: tab_switch','2026-04-20 12:33:44','2026-04-20 12:33:44'),(690,6,'violation','App\\Models\\ProctoringLog',143,NULL,NULL,'127.0.0.1','Mozilla/5.0 (Windows NT 10.0; Win64; x64) AppleWebKit/537.36 (KHTML, like Gecko) Chrome/147.0.0.0 Safari/537.36 Edg/147.0.0.0','Proctoring violation: tab_switch','2026-04-20 12:33:47','2026-04-20 12:33:47'),(691,6,'violation','App\\Models\\ProctoringLog',144,NULL,NULL,'127.0.0.1','Mozilla/5.0 (Windows NT 10.0; Win64; x64) AppleWebKit/537.36 (KHTML, like Gecko) Chrome/147.0.0.0 Safari/537.36 Edg/147.0.0.0','Proctoring violation: tab_switch','2026-04-20 12:33:51','2026-04-20 12:33:51'),(692,6,'violation','App\\Models\\ProctoringLog',145,NULL,NULL,'127.0.0.1','Mozilla/5.0 (Windows NT 10.0; Win64; x64) AppleWebKit/537.36 (KHTML, like Gecko) Chrome/147.0.0.0 Safari/537.36 Edg/147.0.0.0','Proctoring violation: keyboard_shortcut','2026-04-20 12:33:57','2026-04-20 12:33:57'),(693,6,'violation','App\\Models\\ProctoringLog',146,NULL,NULL,'127.0.0.1','Mozilla/5.0 (Windows NT 10.0; Win64; x64) AppleWebKit/537.36 (KHTML, like Gecko) Chrome/147.0.0.0 Safari/537.36 Edg/147.0.0.0','Proctoring violation: keyboard_shortcut','2026-04-20 12:33:58','2026-04-20 12:33:58'),(694,6,'violation','App\\Models\\ProctoringLog',147,NULL,NULL,'127.0.0.1','Mozilla/5.0 (Windows NT 10.0; Win64; x64) AppleWebKit/537.36 (KHTML, like Gecko) Chrome/147.0.0.0 Safari/537.36 Edg/147.0.0.0','Proctoring violation: keyboard_shortcut','2026-04-20 12:33:59','2026-04-20 12:33:59'),(695,6,'violation','App\\Models\\ProctoringLog',148,NULL,NULL,'127.0.0.1','Mozilla/5.0 (Windows NT 10.0; Win64; x64) AppleWebKit/537.36 (KHTML, like Gecko) Chrome/147.0.0.0 Safari/537.36 Edg/147.0.0.0','Proctoring violation: keyboard_shortcut','2026-04-20 12:34:00','2026-04-20 12:34:00'),(696,6,'violation','App\\Models\\ProctoringLog',149,NULL,NULL,'127.0.0.1','Mozilla/5.0 (Windows NT 10.0; Win64; x64) AppleWebKit/537.36 (KHTML, like Gecko) Chrome/147.0.0.0 Safari/537.36 Edg/147.0.0.0','Proctoring violation: keyboard_shortcut','2026-04-20 12:34:01','2026-04-20 12:34:01'),(697,6,'violation','App\\Models\\ProctoringLog',150,NULL,NULL,'127.0.0.1','Mozilla/5.0 (Windows NT 10.0; Win64; x64) AppleWebKit/537.36 (KHTML, like Gecko) Chrome/147.0.0.0 Safari/537.36 Edg/147.0.0.0','Proctoring violation: keyboard_shortcut','2026-04-20 12:34:01','2026-04-20 12:34:01'),(698,6,'violation','App\\Models\\ProctoringLog',151,NULL,NULL,'127.0.0.1','Mozilla/5.0 (Windows NT 10.0; Win64; x64) AppleWebKit/537.36 (KHTML, like Gecko) Chrome/147.0.0.0 Safari/537.36 Edg/147.0.0.0','Proctoring violation: keyboard_shortcut','2026-04-20 12:34:03','2026-04-20 12:34:03'),(699,6,'violation','App\\Models\\ProctoringLog',152,NULL,NULL,'127.0.0.1','Mozilla/5.0 (Windows NT 10.0; Win64; x64) AppleWebKit/537.36 (KHTML, like Gecko) Chrome/147.0.0.0 Safari/537.36 Edg/147.0.0.0','Proctoring violation: keyboard_shortcut','2026-04-20 12:34:04','2026-04-20 12:34:04'),(700,6,'violation','App\\Models\\ProctoringLog',153,NULL,NULL,'127.0.0.1','Mozilla/5.0 (Windows NT 10.0; Win64; x64) AppleWebKit/537.36 (KHTML, like Gecko) Chrome/147.0.0.0 Safari/537.36 Edg/147.0.0.0','Proctoring violation: keyboard_shortcut','2026-04-20 12:34:05','2026-04-20 12:34:05'),(701,6,'violation','App\\Models\\ProctoringLog',154,NULL,NULL,'127.0.0.1','Mozilla/5.0 (Windows NT 10.0; Win64; x64) AppleWebKit/537.36 (KHTML, like Gecko) Chrome/147.0.0.0 Safari/537.36 Edg/147.0.0.0','Proctoring violation: keyboard_shortcut','2026-04-20 12:34:05','2026-04-20 12:34:05'),(702,6,'violation','App\\Models\\ProctoringLog',155,NULL,NULL,'127.0.0.1','Mozilla/5.0 (Windows NT 10.0; Win64; x64) AppleWebKit/537.36 (KHTML, like Gecko) Chrome/147.0.0.0 Safari/537.36 Edg/147.0.0.0','Proctoring violation: keyboard_shortcut','2026-04-20 12:34:05','2026-04-20 12:34:05'),(703,6,'violation','App\\Models\\ProctoringLog',156,NULL,NULL,'127.0.0.1','Mozilla/5.0 (Windows NT 10.0; Win64; x64) AppleWebKit/537.36 (KHTML, like Gecko) Chrome/147.0.0.0 Safari/537.36 Edg/147.0.0.0','Proctoring violation: keyboard_shortcut','2026-04-20 12:34:06','2026-04-20 12:34:06'),(704,6,'violation','App\\Models\\ProctoringLog',157,NULL,NULL,'127.0.0.1','Mozilla/5.0 (Windows NT 10.0; Win64; x64) AppleWebKit/537.36 (KHTML, like Gecko) Chrome/147.0.0.0 Safari/537.36 Edg/147.0.0.0','Proctoring violation: keyboard_shortcut','2026-04-20 12:34:06','2026-04-20 12:34:06'),(705,6,'violation','App\\Models\\ProctoringLog',158,NULL,NULL,'127.0.0.1','Mozilla/5.0 (Windows NT 10.0; Win64; x64) AppleWebKit/537.36 (KHTML, like Gecko) Chrome/147.0.0.0 Safari/537.36 Edg/147.0.0.0','Proctoring violation: keyboard_shortcut','2026-04-20 12:34:07','2026-04-20 12:34:07'),(706,6,'violation','App\\Models\\ProctoringLog',159,NULL,NULL,'127.0.0.1','Mozilla/5.0 (Windows NT 10.0; Win64; x64) AppleWebKit/537.36 (KHTML, like Gecko) Chrome/147.0.0.0 Safari/537.36 Edg/147.0.0.0','Proctoring violation: keyboard_shortcut','2026-04-20 12:34:08','2026-04-20 12:34:08'),(707,6,'violation','App\\Models\\ProctoringLog',160,NULL,NULL,'127.0.0.1','Mozilla/5.0 (Windows NT 10.0; Win64; x64) AppleWebKit/537.36 (KHTML, like Gecko) Chrome/147.0.0.0 Safari/537.36 Edg/147.0.0.0','Proctoring violation: keyboard_shortcut','2026-04-20 12:34:08','2026-04-20 12:34:08'),(708,6,'exam_submit','App\\Models\\ExamAttempt',322,NULL,NULL,'127.0.0.1','Mozilla/5.0 (Windows NT 10.0; Win64; x64) AppleWebKit/537.36 (KHTML, like Gecko) Chrome/147.0.0.0 Safari/537.36 Edg/147.0.0.0','Submitted exam: tes (auto)','2026-04-20 12:34:09','2026-04-20 12:34:09'),(709,6,'exam_start','App\\Models\\ExamAttempt',323,NULL,NULL,'127.0.0.1','Mozilla/5.0 (Windows NT 10.0; Win64; x64) AppleWebKit/537.36 (KHTML, like Gecko) Chrome/147.0.0.0 Safari/537.36 Edg/147.0.0.0','Started exam: tes','2026-04-20 12:34:35','2026-04-20 12:34:35'),(710,6,'exam_submit','App\\Models\\ExamAttempt',323,NULL,NULL,'127.0.0.1','Mozilla/5.0 (Windows NT 10.0; Win64; x64) AppleWebKit/537.36 (KHTML, like Gecko) Chrome/147.0.0.0 Safari/537.36 Edg/147.0.0.0','Submitted exam: tes','2026-04-20 12:34:47','2026-04-20 12:34:47'),(771,6,'login',NULL,NULL,NULL,NULL,'127.0.0.1','Mozilla/5.0 (Windows NT 10.0; Win64; x64) AppleWebKit/537.36 (KHTML, like Gecko) Chrome/147.0.0.0 Safari/537.36 Edg/147.0.0.0','User logged in','2026-04-24 14:18:27','2026-04-24 14:18:27'),(772,7,'login',NULL,NULL,NULL,NULL,'127.0.0.1','Mozilla/5.0 (Windows NT 10.0; Win64; x64) AppleWebKit/537.36 (KHTML, like Gecko) Chrome/147.0.0.0 Safari/537.36 Edg/147.0.0.0','User logged in','2026-04-24 14:19:12','2026-04-24 14:19:12'),(773,6,'logout',NULL,NULL,NULL,NULL,'127.0.0.1','Mozilla/5.0 (Windows NT 10.0; Win64; x64) AppleWebKit/537.36 (KHTML, like Gecko) Chrome/147.0.0.0 Safari/537.36 Edg/147.0.0.0','User logged out','2026-04-24 14:38:04','2026-04-24 14:38:04'),(774,1,'login',NULL,NULL,NULL,NULL,'127.0.0.1','Mozilla/5.0 (Windows NT 10.0; Win64; x64) AppleWebKit/537.36 (KHTML, like Gecko) Chrome/147.0.0.0 Safari/537.36 Edg/147.0.0.0','User logged in','2026-04-24 14:38:12','2026-04-24 14:38:12'),(787,7,'login',NULL,NULL,NULL,NULL,'127.0.0.1','Mozilla/5.0 (Windows NT 10.0; Win64; x64) AppleWebKit/537.36 (KHTML, like Gecko) Chrome/147.0.0.0 Safari/537.36 Edg/147.0.0.0','User logged in','2026-04-25 03:43:47','2026-04-25 03:43:47'),(812,6,'login',NULL,NULL,NULL,NULL,'127.0.0.1','Mozilla/5.0 (Windows NT 10.0; Win64; x64) AppleWebKit/537.36 (KHTML, like Gecko) Chrome/147.0.0.0 Safari/537.36 Edg/147.0.0.0','User logged in','2026-05-11 04:17:25','2026-05-11 04:17:25'),(813,6,'logout',NULL,NULL,NULL,NULL,'127.0.0.1','Mozilla/5.0 (Windows NT 10.0; Win64; x64) AppleWebKit/537.36 (KHTML, like Gecko) Chrome/147.0.0.0 Safari/537.36 Edg/147.0.0.0','User logged out','2026-05-11 04:17:46','2026-05-11 04:17:46'),(814,6,'login',NULL,NULL,NULL,NULL,'127.0.0.1','Mozilla/5.0 (Windows NT 10.0; Win64; x64) AppleWebKit/537.36 (KHTML, like Gecko) Chrome/147.0.0.0 Safari/537.36 Edg/147.0.0.0','User logged in','2026-05-11 04:19:48','2026-05-11 04:19:48'),(815,7,'login',NULL,NULL,NULL,NULL,'127.0.0.1','Mozilla/5.0 (Windows NT 10.0; Win64; x64) AppleWebKit/537.36 (KHTML, like Gecko) Chrome/147.0.0.0 Safari/537.36 Edg/147.0.0.0','User logged in','2026-05-11 04:20:17','2026-05-11 04:20:17'),(816,6,'exam_start','App\\Models\\ExamAttempt',479,NULL,NULL,'127.0.0.1','Mozilla/5.0 (Windows NT 10.0; Win64; x64) AppleWebKit/537.36 (KHTML, like Gecko) Chrome/147.0.0.0 Safari/537.36 Edg/147.0.0.0','Started exam: UTS MTK','2026-05-11 04:28:57','2026-05-11 04:28:57'),(817,6,'violation','App\\Models\\ProctoringLog',183,NULL,NULL,'127.0.0.1','Mozilla/5.0 (Windows NT 10.0; Win64; x64) AppleWebKit/537.36 (KHTML, like Gecko) Chrome/147.0.0.0 Safari/537.36 Edg/147.0.0.0','Proctoring violation: multiple_faces','2026-05-11 04:30:30','2026-05-11 04:30:30'),(818,6,'violation','App\\Models\\ProctoringLog',184,NULL,NULL,'127.0.0.1','Mozilla/5.0 (Windows NT 10.0; Win64; x64) AppleWebKit/537.36 (KHTML, like Gecko) Chrome/147.0.0.0 Safari/537.36 Edg/147.0.0.0','Proctoring violation: window_blur','2026-05-11 04:30:45','2026-05-11 04:30:45'),(819,6,'violation','App\\Models\\ProctoringLog',185,NULL,NULL,'127.0.0.1','Mozilla/5.0 (Windows NT 10.0; Win64; x64) AppleWebKit/537.36 (KHTML, like Gecko) Chrome/147.0.0.0 Safari/537.36 Edg/147.0.0.0','Proctoring violation: multiple_faces','2026-05-11 04:39:17','2026-05-11 04:39:17'),(820,6,'exam_submit','App\\Models\\ExamAttempt',479,NULL,NULL,'127.0.0.1','Mozilla/5.0 (Windows NT 10.0; Win64; x64) AppleWebKit/537.36 (KHTML, like Gecko) Chrome/147.0.0.0 Safari/537.36 Edg/147.0.0.0','Submitted exam: UTS MTK','2026-05-11 04:39:42','2026-05-11 04:39:42'),(821,6,'login',NULL,NULL,NULL,NULL,'127.0.0.1','Mozilla/5.0 (Windows NT 10.0; Win64; x64) AppleWebKit/537.36 (KHTML, like Gecko) Chrome/148.0.0.0 Safari/537.36 Edg/148.0.0.0','User logged in','2026-05-11 18:33:42','2026-05-11 18:33:42'),(822,6,'logout',NULL,NULL,NULL,NULL,'127.0.0.1','Mozilla/5.0 (Windows NT 10.0; Win64; x64) AppleWebKit/537.36 (KHTML, like Gecko) Chrome/148.0.0.0 Safari/537.36 Edg/148.0.0.0','User logged out','2026-05-11 18:34:18','2026-05-11 18:34:18'),(823,7,'login',NULL,NULL,NULL,NULL,'127.0.0.1','Mozilla/5.0 (Windows NT 10.0; Win64; x64) AppleWebKit/537.36 (KHTML, like Gecko) Chrome/148.0.0.0 Safari/537.36 Edg/148.0.0.0','User logged in','2026-05-11 18:34:31','2026-05-11 18:34:31'),(824,7,'logout',NULL,NULL,NULL,NULL,'127.0.0.1','Mozilla/5.0 (Windows NT 10.0; Win64; x64) AppleWebKit/537.36 (KHTML, like Gecko) Chrome/148.0.0.0 Safari/537.36 Edg/148.0.0.0','User logged out','2026-05-11 18:38:35','2026-05-11 18:38:35'),(825,6,'login',NULL,NULL,NULL,NULL,'127.0.0.1','Mozilla/5.0 (Windows NT 10.0; Win64; x64) AppleWebKit/537.36 (KHTML, like Gecko) Chrome/148.0.0.0 Safari/537.36 Edg/148.0.0.0','User logged in','2026-05-11 18:38:44','2026-05-11 18:38:44'),(826,6,'logout',NULL,NULL,NULL,NULL,'127.0.0.1','Mozilla/5.0 (Windows NT 10.0; Win64; x64) AppleWebKit/537.36 (KHTML, like Gecko) Chrome/148.0.0.0 Safari/537.36 Edg/148.0.0.0','User logged out','2026-05-11 18:38:47','2026-05-11 18:38:47'),(827,1,'login',NULL,NULL,NULL,NULL,'127.0.0.1','Mozilla/5.0 (Windows NT 10.0; Win64; x64) AppleWebKit/537.36 (KHTML, like Gecko) Chrome/148.0.0.0 Safari/537.36 Edg/148.0.0.0','User logged in','2026-05-11 18:38:59','2026-05-11 18:38:59'),(828,6,'login',NULL,NULL,NULL,NULL,'127.0.0.1','Mozilla/5.0 (Windows NT 10.0; Win64; x64) AppleWebKit/537.36 (KHTML, like Gecko) Chrome/148.0.0.0 Safari/537.36 Edg/148.0.0.0','User logged in','2026-05-12 16:26:55','2026-05-12 16:26:55'),(829,6,'logout',NULL,NULL,NULL,NULL,'127.0.0.1','Mozilla/5.0 (Windows NT 10.0; Win64; x64) AppleWebKit/537.36 (KHTML, like Gecko) Chrome/148.0.0.0 Safari/537.36 Edg/148.0.0.0','User logged out','2026-05-12 16:32:41','2026-05-12 16:32:41'),(830,6,'login',NULL,NULL,NULL,NULL,'127.0.0.1','Mozilla/5.0 (Windows NT 10.0; Win64; x64) AppleWebKit/537.36 (KHTML, like Gecko) Chrome/148.0.0.0 Safari/537.36 Edg/148.0.0.0','User logged in','2026-05-12 16:32:48','2026-05-12 16:32:48'),(831,6,'login',NULL,NULL,NULL,NULL,'127.0.0.1','Mozilla/5.0 (Windows NT 10.0; Win64; x64) AppleWebKit/537.36 (KHTML, like Gecko) Chrome/148.0.0.0 Safari/537.36 Edg/148.0.0.0','User logged in','2026-05-13 04:15:07','2026-05-13 04:15:07'),(832,6,'login',NULL,NULL,NULL,NULL,'127.0.0.1','Mozilla/5.0 (Windows NT 10.0; Win64; x64) AppleWebKit/537.36 (KHTML, like Gecko) Chrome/148.0.0.0 Safari/537.36 Edg/148.0.0.0','User logged in','2026-05-13 04:16:26','2026-05-13 04:16:26'),(833,6,'logout',NULL,NULL,NULL,NULL,'127.0.0.1','Mozilla/5.0 (Windows NT 10.0; Win64; x64) AppleWebKit/537.36 (KHTML, like Gecko) Chrome/148.0.0.0 Safari/537.36 Edg/148.0.0.0','User logged out','2026-05-13 05:20:01','2026-05-13 05:20:01'),(834,6,'login',NULL,NULL,NULL,NULL,'127.0.0.1','Mozilla/5.0 (Windows NT 10.0; Win64; x64) AppleWebKit/537.36 (KHTML, like Gecko) Chrome/148.0.0.0 Safari/537.36 Edg/148.0.0.0','User logged in','2026-05-13 05:21:43','2026-05-13 05:21:43'),(835,2,'login',NULL,NULL,NULL,NULL,'127.0.0.1','Mozilla/5.0 (Windows NT 10.0; Win64; x64) AppleWebKit/537.36 (KHTML, like Gecko) Chrome/148.0.0.0 Safari/537.36 Edg/148.0.0.0','User logged in','2026-05-13 05:22:45','2026-05-13 05:22:45'),(836,7,'login',NULL,NULL,NULL,NULL,'127.0.0.1','Mozilla/5.0 (Windows NT 10.0; Win64; x64) AppleWebKit/537.36 (KHTML, like Gecko) Chrome/148.0.0.0 Safari/537.36 Edg/148.0.0.0','User logged in','2026-05-13 05:26:43','2026-05-13 05:26:43'),(837,6,'exam_start','App\\Models\\ExamAttempt',480,NULL,NULL,'127.0.0.1','Mozilla/5.0 (Windows NT 10.0; Win64; x64) AppleWebKit/537.36 (KHTML, like Gecko) Chrome/148.0.0.0 Safari/537.36 Edg/148.0.0.0','Started exam: UTS MTK','2026-05-13 05:28:51','2026-05-13 05:28:51'),(838,6,'violation','App\\Models\\ProctoringLog',186,NULL,NULL,'127.0.0.1','Mozilla/5.0 (Windows NT 10.0; Win64; x64) AppleWebKit/537.36 (KHTML, like Gecko) Chrome/148.0.0.0 Safari/537.36 Edg/148.0.0.0','Proctoring violation: keyboard_shortcut','2026-05-13 05:29:34','2026-05-13 05:29:34'),(839,6,'violation','App\\Models\\ProctoringLog',187,NULL,NULL,'127.0.0.1','Mozilla/5.0 (Windows NT 10.0; Win64; x64) AppleWebKit/537.36 (KHTML, like Gecko) Chrome/148.0.0.0 Safari/537.36 Edg/148.0.0.0','Proctoring violation: keyboard_shortcut','2026-05-13 05:29:37','2026-05-13 05:29:37'),(840,6,'violation','App\\Models\\ProctoringLog',188,NULL,NULL,'127.0.0.1','Mozilla/5.0 (Windows NT 10.0; Win64; x64) AppleWebKit/537.36 (KHTML, like Gecko) Chrome/148.0.0.0 Safari/537.36 Edg/148.0.0.0','Proctoring violation: keyboard_shortcut','2026-05-13 05:29:40','2026-05-13 05:29:40'),(841,6,'violation','App\\Models\\ProctoringLog',189,NULL,NULL,'127.0.0.1','Mozilla/5.0 (Windows NT 10.0; Win64; x64) AppleWebKit/537.36 (KHTML, like Gecko) Chrome/148.0.0.0 Safari/537.36 Edg/148.0.0.0','Proctoring violation: keyboard_shortcut','2026-05-13 05:29:40','2026-05-13 05:29:40'),(842,6,'violation','App\\Models\\ProctoringLog',190,NULL,NULL,'127.0.0.1','Mozilla/5.0 (Windows NT 10.0; Win64; x64) AppleWebKit/537.36 (KHTML, like Gecko) Chrome/148.0.0.0 Safari/537.36 Edg/148.0.0.0','Proctoring violation: keyboard_shortcut','2026-05-13 05:29:45','2026-05-13 05:29:45'),(843,6,'exam_submit','App\\Models\\ExamAttempt',480,NULL,NULL,'127.0.0.1','Mozilla/5.0 (Windows NT 10.0; Win64; x64) AppleWebKit/537.36 (KHTML, like Gecko) Chrome/148.0.0.0 Safari/537.36 Edg/148.0.0.0','Submitted exam: UTS MTK (auto)','2026-05-13 05:29:46','2026-05-13 05:29:46'),(844,6,'exam_start','App\\Models\\ExamAttempt',481,NULL,NULL,'127.0.0.1','Mozilla/5.0 (Windows NT 10.0; Win64; x64) AppleWebKit/537.36 (KHTML, like Gecko) Chrome/148.0.0.0 Safari/537.36 Edg/148.0.0.0','Started exam: UTS MTK','2026-05-13 05:30:44','2026-05-13 05:30:44'),(845,6,'violation','App\\Models\\ProctoringLog',191,NULL,NULL,'127.0.0.1','Mozilla/5.0 (Windows NT 10.0; Win64; x64) AppleWebKit/537.36 (KHTML, like Gecko) Chrome/148.0.0.0 Safari/537.36 Edg/148.0.0.0','Proctoring violation: window_blur','2026-05-13 05:30:46','2026-05-13 05:30:46'),(846,6,'violation','App\\Models\\ProctoringLog',192,NULL,NULL,'127.0.0.1','Mozilla/5.0 (Windows NT 10.0; Win64; x64) AppleWebKit/537.36 (KHTML, like Gecko) Chrome/148.0.0.0 Safari/537.36 Edg/148.0.0.0','Proctoring violation: tab_switch','2026-05-13 05:30:50','2026-05-13 05:30:50'),(847,6,'violation','App\\Models\\ProctoringLog',193,NULL,NULL,'127.0.0.1','Mozilla/5.0 (Windows NT 10.0; Win64; x64) AppleWebKit/537.36 (KHTML, like Gecko) Chrome/148.0.0.0 Safari/537.36 Edg/148.0.0.0','Proctoring violation: tab_switch','2026-05-13 05:30:54','2026-05-13 05:30:54'),(848,6,'violation','App\\Models\\ProctoringLog',194,NULL,NULL,'127.0.0.1','Mozilla/5.0 (Windows NT 10.0; Win64; x64) AppleWebKit/537.36 (KHTML, like Gecko) Chrome/148.0.0.0 Safari/537.36 Edg/148.0.0.0','Proctoring violation: tab_switch','2026-05-13 05:30:58','2026-05-13 05:30:58'),(849,6,'violation','App\\Models\\ProctoringLog',195,NULL,NULL,'127.0.0.1','Mozilla/5.0 (Windows NT 10.0; Win64; x64) AppleWebKit/537.36 (KHTML, like Gecko) Chrome/148.0.0.0 Safari/537.36 Edg/148.0.0.0','Proctoring violation: tab_switch','2026-05-13 05:31:02','2026-05-13 05:31:02'),(850,6,'exam_submit','App\\Models\\ExamAttempt',481,NULL,NULL,'127.0.0.1','Mozilla/5.0 (Windows NT 10.0; Win64; x64) AppleWebKit/537.36 (KHTML, like Gecko) Chrome/148.0.0.0 Safari/537.36 Edg/148.0.0.0','Submitted exam: UTS MTK (auto)','2026-05-13 05:31:03','2026-05-13 05:31:03'),(851,7,'login',NULL,NULL,NULL,NULL,'127.0.0.1','Mozilla/5.0 (Windows NT 10.0; Win64; x64) AppleWebKit/537.36 (KHTML, like Gecko) Chrome/148.0.0.0 Safari/537.36 Edg/148.0.0.0','User logged in','2026-05-13 08:37:42','2026-05-13 08:37:42'),(852,6,'login',NULL,NULL,NULL,NULL,'127.0.0.1','Mozilla/5.0 (Windows NT 10.0; Win64; x64) AppleWebKit/537.36 (KHTML, like Gecko) Chrome/148.0.0.0 Safari/537.36 Edg/148.0.0.0','User logged in','2026-05-13 09:00:13','2026-05-13 09:00:13'),(853,6,'exam_start','App\\Models\\ExamAttempt',482,NULL,NULL,'127.0.0.1','Mozilla/5.0 (Windows NT 10.0; Win64; x64) AppleWebKit/537.36 (KHTML, like Gecko) Chrome/148.0.0.0 Safari/537.36 Edg/148.0.0.0','Started exam: UTS MTK','2026-05-13 09:00:38','2026-05-13 09:00:38'),(854,6,'violation','App\\Models\\ProctoringLog',196,NULL,NULL,'127.0.0.1','Mozilla/5.0 (Windows NT 10.0; Win64; x64) AppleWebKit/537.36 (KHTML, like Gecko) Chrome/148.0.0.0 Safari/537.36 Edg/148.0.0.0','Proctoring violation: keyboard_shortcut','2026-05-13 09:00:43','2026-05-13 09:00:43'),(855,6,'violation','App\\Models\\ProctoringLog',197,NULL,NULL,'127.0.0.1','Mozilla/5.0 (Windows NT 10.0; Win64; x64) AppleWebKit/537.36 (KHTML, like Gecko) Chrome/148.0.0.0 Safari/537.36 Edg/148.0.0.0','Proctoring violation: keyboard_shortcut','2026-05-13 09:00:47','2026-05-13 09:00:47'),(856,6,'violation','App\\Models\\ProctoringLog',198,NULL,NULL,'127.0.0.1','Mozilla/5.0 (Windows NT 10.0; Win64; x64) AppleWebKit/537.36 (KHTML, like Gecko) Chrome/148.0.0.0 Safari/537.36 Edg/148.0.0.0','Proctoring violation: keyboard_shortcut','2026-05-13 09:00:50','2026-05-13 09:00:50'),(857,6,'exam_submit','App\\Models\\ExamAttempt',482,NULL,NULL,'127.0.0.1','Mozilla/5.0 (Windows NT 10.0; Win64; x64) AppleWebKit/537.36 (KHTML, like Gecko) Chrome/148.0.0.0 Safari/537.36 Edg/148.0.0.0','Submitted exam: UTS MTK','2026-05-13 09:00:57','2026-05-13 09:00:57'),(858,6,'logout',NULL,NULL,NULL,NULL,'127.0.0.1','Mozilla/5.0 (Windows NT 10.0; Win64; x64) AppleWebKit/537.36 (KHTML, like Gecko) Chrome/148.0.0.0 Safari/537.36 Edg/148.0.0.0','User logged out','2026-05-13 09:10:33','2026-05-13 09:10:33'),(859,1,'login',NULL,NULL,NULL,NULL,'127.0.0.1','Mozilla/5.0 (Windows NT 10.0; Win64; x64) AppleWebKit/537.36 (KHTML, like Gecko) HeadlessChrome/141.0.7390.37 Safari/537.36','User logged in','2026-06-08 21:44:19','2026-06-08 21:44:19'),(860,2,'login',NULL,NULL,NULL,NULL,'127.0.0.1','Mozilla/5.0 (Windows NT 10.0; Win64; x64) AppleWebKit/537.36 (KHTML, like Gecko) HeadlessChrome/141.0.7390.37 Safari/537.36','User logged in','2026-06-08 21:44:24','2026-06-08 21:44:24'),(861,3,'login',NULL,NULL,NULL,NULL,'127.0.0.1','Mozilla/5.0 (Windows NT 10.0; Win64; x64) AppleWebKit/537.36 (KHTML, like Gecko) HeadlessChrome/141.0.7390.37 Safari/537.36','User logged in','2026-06-08 21:44:28','2026-06-08 21:44:28'),(862,7,'login',NULL,NULL,NULL,NULL,'127.0.0.1','Mozilla/5.0 (Windows NT 10.0; Win64; x64) AppleWebKit/537.36 (KHTML, like Gecko) Chrome/149.0.0.0 Safari/537.36 Edg/149.0.0.0','User logged in','2026-06-12 23:06:24','2026-06-12 23:06:24'),(863,6,'login',NULL,NULL,NULL,NULL,'127.0.0.1','Mozilla/5.0 (Windows NT 10.0; Win64; x64) AppleWebKit/537.36 (KHTML, like Gecko) Chrome/149.0.0.0 Safari/537.36 Edg/149.0.0.0','User logged in','2026-06-12 23:06:42','2026-06-12 23:06:42'),(864,6,'exam_start','App\\Models\\ExamAttempt',483,NULL,NULL,'127.0.0.1','Mozilla/5.0 (Windows NT 10.0; Win64; x64) AppleWebKit/537.36 (KHTML, like Gecko) Chrome/149.0.0.0 Safari/537.36 Edg/149.0.0.0','Started exam: asd','2026-06-12 23:07:18','2026-06-12 23:07:18'),(865,6,'violation','App\\Models\\ProctoringLog',199,NULL,NULL,'127.0.0.1','Mozilla/5.0 (Windows NT 10.0; Win64; x64) AppleWebKit/537.36 (KHTML, like Gecko) Chrome/149.0.0.0 Safari/537.36 Edg/149.0.0.0','Proctoring violation: keyboard_shortcut','2026-06-12 23:07:35','2026-06-12 23:07:35'),(866,6,'violation','App\\Models\\ProctoringLog',200,NULL,NULL,'127.0.0.1','Mozilla/5.0 (Windows NT 10.0; Win64; x64) AppleWebKit/537.36 (KHTML, like Gecko) Chrome/149.0.0.0 Safari/537.36 Edg/149.0.0.0','Proctoring violation: fullscreen_exit','2026-06-12 23:08:01','2026-06-12 23:08:01'),(867,6,'login',NULL,NULL,NULL,NULL,'127.0.0.1','Mozilla/5.0 (Windows NT 10.0; Win64; x64) AppleWebKit/537.36 (KHTML, like Gecko) Chrome/149.0.0.0 Safari/537.36 Edg/149.0.0.0','User logged in','2026-06-13 11:06:31','2026-06-13 11:06:31'),(868,6,'exam_submit','App\\Models\\ExamAttempt',483,NULL,NULL,'127.0.0.1','Mozilla/5.0 (Windows NT 10.0; Win64; x64) AppleWebKit/537.36 (KHTML, like Gecko) Chrome/149.0.0.0 Safari/537.36 Edg/149.0.0.0','Submitted exam: asd (auto)','2026-06-13 11:06:35','2026-06-13 11:06:35'),(869,7,'login',NULL,NULL,NULL,NULL,'127.0.0.1','Mozilla/5.0 (Windows NT 10.0; Win64; x64) AppleWebKit/537.36 (KHTML, like Gecko) Chrome/149.0.0.0 Safari/537.36 Edg/149.0.0.0','User logged in','2026-06-13 11:07:02','2026-06-13 11:07:02'),(870,6,'exam_start','App\\Models\\ExamAttempt',484,NULL,NULL,'127.0.0.1','Mozilla/5.0 (Windows NT 10.0; Win64; x64) AppleWebKit/537.36 (KHTML, like Gecko) Chrome/149.0.0.0 Safari/537.36 Edg/149.0.0.0','Started exam: asd','2026-06-13 11:07:42','2026-06-13 11:07:42'),(871,6,'violation','App\\Models\\ProctoringLog',201,NULL,NULL,'127.0.0.1','Mozilla/5.0 (Windows NT 10.0; Win64; x64) AppleWebKit/537.36 (KHTML, like Gecko) Chrome/149.0.0.0 Safari/537.36 Edg/149.0.0.0','Proctoring violation: window_blur','2026-06-13 11:07:46','2026-06-13 11:07:46'),(872,6,'violation','App\\Models\\ProctoringLog',202,NULL,NULL,'127.0.0.1','Mozilla/5.0 (Windows NT 10.0; Win64; x64) AppleWebKit/537.36 (KHTML, like Gecko) Chrome/149.0.0.0 Safari/537.36 Edg/149.0.0.0','Proctoring violation: fullscreen_exit','2026-06-13 11:08:00','2026-06-13 11:08:00'),(873,6,'violation','App\\Models\\ProctoringLog',203,NULL,NULL,'127.0.0.1','Mozilla/5.0 (Windows NT 10.0; Win64; x64) AppleWebKit/537.36 (KHTML, like Gecko) Chrome/149.0.0.0 Safari/537.36 Edg/149.0.0.0','Proctoring violation: window_blur','2026-06-13 11:08:07','2026-06-13 11:08:07'),(874,6,'violation','App\\Models\\ProctoringLog',204,NULL,NULL,'127.0.0.1','Mozilla/5.0 (Windows NT 10.0; Win64; x64) AppleWebKit/537.36 (KHTML, like Gecko) Chrome/149.0.0.0 Safari/537.36 Edg/149.0.0.0','Proctoring violation: window_blur','2026-06-13 11:08:18','2026-06-13 11:08:18'),(875,6,'violation','App\\Models\\ProctoringLog',205,NULL,NULL,'127.0.0.1','Mozilla/5.0 (Windows NT 10.0; Win64; x64) AppleWebKit/537.36 (KHTML, like Gecko) Chrome/149.0.0.0 Safari/537.36 Edg/149.0.0.0','Proctoring violation: window_blur','2026-06-13 11:08:33','2026-06-13 11:08:33'),(876,6,'exam_submit','App\\Models\\ExamAttempt',484,NULL,NULL,'127.0.0.1','Mozilla/5.0 (Windows NT 10.0; Win64; x64) AppleWebKit/537.36 (KHTML, like Gecko) Chrome/149.0.0.0 Safari/537.36 Edg/149.0.0.0','Submitted exam: asd (auto)','2026-06-13 11:08:34','2026-06-13 11:08:34');
/*!40000 ALTER TABLE `audit_logs` ENABLE KEYS */;
UNLOCK TABLES;

--
-- Table structure for table `cache`
--

DROP TABLE IF EXISTS `cache`;
/*!40101 SET @saved_cs_client     = @@character_set_client */;
/*!40101 SET character_set_client = utf8 */;
CREATE TABLE `cache` (
  `key` varchar(255) NOT NULL,
  `value` mediumtext NOT NULL,
  `expiration` int(11) NOT NULL,
  PRIMARY KEY (`key`)
) ENGINE=InnoDB DEFAULT CHARSET=utf8mb4 COLLATE=utf8mb4_unicode_ci;
/*!40101 SET character_set_client = @saved_cs_client */;

--
-- Dumping data for table `cache`
--

LOCK TABLES `cache` WRITE;
/*!40000 ALTER TABLE `cache` DISABLE KEYS */;
INSERT INTO `cache` VALUES ('05a8ea5382b9fd885261bb3eed0527d1d3b07262','i:1;',1775973564),('05a8ea5382b9fd885261bb3eed0527d1d3b07262:timer','i:1775973564;',1775973564),('5c785c036466adea360111aa28563bfd556b5fba','i:1;',1778645846),('5c785c036466adea360111aa28563bfd556b5fba:timer','i:1778645846;',1778645846),('c1dfd96eea8cc2b62785275bca38ac261256e278','i:12;',1781348922),('c1dfd96eea8cc2b62785275bca38ac261256e278:timer','i:1781348922;',1781348922);
/*!40000 ALTER TABLE `cache` ENABLE KEYS */;
UNLOCK TABLES;

--
-- Table structure for table `cache_locks`
--

DROP TABLE IF EXISTS `cache_locks`;
/*!40101 SET @saved_cs_client     = @@character_set_client */;
/*!40101 SET character_set_client = utf8 */;
CREATE TABLE `cache_locks` (
  `key` varchar(255) NOT NULL,
  `owner` varchar(255) NOT NULL,
  `expiration` int(11) NOT NULL,
  PRIMARY KEY (`key`)
) ENGINE=InnoDB DEFAULT CHARSET=utf8mb4 COLLATE=utf8mb4_unicode_ci;
/*!40101 SET character_set_client = @saved_cs_client */;

--
-- Dumping data for table `cache_locks`
--

LOCK TABLES `cache_locks` WRITE;
/*!40000 ALTER TABLE `cache_locks` DISABLE KEYS */;
/*!40000 ALTER TABLE `cache_locks` ENABLE KEYS */;
UNLOCK TABLES;

--
-- Table structure for table `classes`
--

DROP TABLE IF EXISTS `classes`;
/*!40101 SET @saved_cs_client     = @@character_set_client */;
/*!40101 SET character_set_client = utf8 */;
CREATE TABLE `classes` (
  `id` bigint(20) unsigned NOT NULL AUTO_INCREMENT,
  `name` varchar(255) NOT NULL,
  `grade_level` varchar(255) DEFAULT NULL,
  `description` text DEFAULT NULL,
  `homeroom_teacher_id` bigint(20) unsigned DEFAULT NULL,
  `is_active` tinyint(1) NOT NULL DEFAULT 1,
  `created_at` timestamp NULL DEFAULT NULL,
  `updated_at` timestamp NULL DEFAULT NULL,
  PRIMARY KEY (`id`),
  UNIQUE KEY `classes_name_grade_level_unique` (`name`,`grade_level`),
  KEY `classes_homeroom_teacher_id_foreign` (`homeroom_teacher_id`),
  CONSTRAINT `classes_homeroom_teacher_id_foreign` FOREIGN KEY (`homeroom_teacher_id`) REFERENCES `users` (`id`) ON DELETE SET NULL
) ENGINE=InnoDB AUTO_INCREMENT=13 DEFAULT CHARSET=utf8mb4 COLLATE=utf8mb4_unicode_ci;
/*!40101 SET character_set_client = @saved_cs_client */;

--
-- Dumping data for table `classes`
--

LOCK TABLES `classes` WRITE;
/*!40000 ALTER TABLE `classes` DISABLE KEYS */;
INSERT INTO `classes` VALUES (1,'1A','1','Kelas 1 Paralel A',NULL,1,'2026-01-29 12:18:52','2026-01-29 12:18:52'),(2,'1B','1','Kelas 1 Paralel B',NULL,1,'2026-01-29 12:18:52','2026-01-29 12:18:52'),(3,'2A','2','Kelas 2 Paralel A',NULL,1,'2026-01-29 12:18:52','2026-01-29 12:18:52'),(4,'2B','2','Kelas 2 Paralel B',NULL,1,'2026-01-29 12:18:52','2026-01-29 12:18:52'),(5,'3A','3','Kelas 3 Paralel A',NULL,1,'2026-01-29 12:18:52','2026-01-29 12:18:52'),(6,'3B','3','Kelas 3 Paralel B',NULL,1,'2026-01-29 12:18:52','2026-01-29 12:18:52'),(7,'4A','4','Kelas 4 Paralel A',NULL,1,'2026-01-29 12:18:52','2026-01-29 12:18:52'),(8,'4B','4','Kelas 4 Paralel B',NULL,1,'2026-01-29 12:18:52','2026-01-29 12:18:52'),(9,'5A','5','Kelas 5 Paralel A',NULL,1,'2026-01-29 12:18:52','2026-01-29 12:18:52'),(10,'5B','5','Kelas 5 Paralel B',NULL,1,'2026-01-29 12:18:52','2026-01-29 12:18:52'),(11,'6A','6','Kelas 6 Paralel A',NULL,1,'2026-01-29 12:18:52','2026-01-29 12:18:52'),(12,'6B','6','Kelas 6 Paralel B',NULL,1,'2026-01-29 12:18:52','2026-01-29 12:18:52');
/*!40000 ALTER TABLE `classes` ENABLE KEYS */;
UNLOCK TABLES;

--
-- Table structure for table `course_student`
--

DROP TABLE IF EXISTS `course_student`;
/*!40101 SET @saved_cs_client     = @@character_set_client */;
/*!40101 SET character_set_client = utf8 */;
CREATE TABLE `course_student` (
  `id` bigint(20) unsigned NOT NULL AUTO_INCREMENT,
  `course_id` bigint(20) unsigned NOT NULL,
  `user_id` bigint(20) unsigned NOT NULL,
  `enrolled_at` timestamp NOT NULL DEFAULT current_timestamp(),
  `created_at` timestamp NULL DEFAULT NULL,
  `updated_at` timestamp NULL DEFAULT NULL,
  PRIMARY KEY (`id`),
  UNIQUE KEY `course_student_course_id_user_id_unique` (`course_id`,`user_id`),
  KEY `course_student_user_id_foreign` (`user_id`),
  CONSTRAINT `course_student_course_id_foreign` FOREIGN KEY (`course_id`) REFERENCES `courses` (`id`) ON DELETE CASCADE,
  CONSTRAINT `course_student_user_id_foreign` FOREIGN KEY (`user_id`) REFERENCES `users` (`id`) ON DELETE CASCADE
) ENGINE=InnoDB AUTO_INCREMENT=425 DEFAULT CHARSET=utf8mb4 COLLATE=utf8mb4_unicode_ci;
/*!40101 SET character_set_client = @saved_cs_client */;

--
-- Dumping data for table `course_student`
--

LOCK TABLES `course_student` WRITE;
/*!40000 ALTER TABLE `course_student` DISABLE KEYS */;
INSERT INTO `course_student` VALUES (4,2,3,'2026-01-29 19:18:53','2026-01-29 12:18:53','2026-01-29 12:18:53'),(5,2,4,'2026-01-29 19:18:53','2026-01-29 12:18:53','2026-01-29 12:18:53'),(6,2,5,'2026-01-29 19:18:53','2026-01-29 12:18:53','2026-01-29 12:18:53'),(7,3,3,'2026-01-29 19:18:53','2026-01-29 12:18:53','2026-01-29 12:18:53'),(8,3,4,'2026-01-29 19:18:53','2026-01-29 12:18:53','2026-01-29 12:18:53'),(9,3,5,'2026-01-29 19:18:53','2026-01-29 12:18:53','2026-01-29 12:18:53'),(10,4,3,'2026-01-29 19:33:30','2026-01-29 12:33:30','2026-01-29 12:33:30'),(11,4,4,'2026-01-29 19:33:30','2026-01-29 12:33:30','2026-01-29 12:33:30'),(12,4,5,'2026-01-29 19:33:30','2026-01-29 12:33:30','2026-01-29 12:33:30'),(13,4,6,'2026-01-29 19:33:30','2026-01-29 12:33:30','2026-01-29 12:33:30');
/*!40000 ALTER TABLE `course_student` ENABLE KEYS */;
UNLOCK TABLES;

--
-- Table structure for table `courses`
--

DROP TABLE IF EXISTS `courses`;
/*!40101 SET @saved_cs_client     = @@character_set_client */;
/*!40101 SET character_set_client = utf8 */;
CREATE TABLE `courses` (
  `id` bigint(20) unsigned NOT NULL AUTO_INCREMENT,
  `code` varchar(255) NOT NULL,
  `name` varchar(255) NOT NULL,
  `description` text DEFAULT NULL,
  `teacher_id` bigint(20) unsigned NOT NULL,
  `is_active` tinyint(1) NOT NULL DEFAULT 1,
  `created_at` timestamp NULL DEFAULT NULL,
  `updated_at` timestamp NULL DEFAULT NULL,
  PRIMARY KEY (`id`),
  UNIQUE KEY `courses_code_unique` (`code`),
  KEY `courses_teacher_id_index` (`teacher_id`),
  KEY `courses_is_active_index` (`is_active`),
  CONSTRAINT `courses_teacher_id_foreign` FOREIGN KEY (`teacher_id`) REFERENCES `users` (`id`) ON DELETE CASCADE
) ENGINE=InnoDB AUTO_INCREMENT=529 DEFAULT CHARSET=utf8mb4 COLLATE=utf8mb4_unicode_ci;
/*!40101 SET character_set_client = @saved_cs_client */;

--
-- Dumping data for table `courses`
--

LOCK TABLES `courses` WRITE;
/*!40000 ALTER TABLE `courses` DISABLE KEYS */;
INSERT INTO `courses` VALUES (2,'IF201','Struktur Data','Konsep dan implementasi struktur data',2,1,'2026-01-29 12:18:53','2026-01-29 12:18:53'),(3,'IF301','Basis Data','Perancangan dan implementasi basis data relasional',2,1,'2026-01-29 12:18:53','2026-01-29 12:18:53'),(4,'nazi01','nasionalis sosialis',NULL,7,1,'2026-01-29 12:33:30','2026-01-29 12:33:30');
/*!40000 ALTER TABLE `courses` ENABLE KEYS */;
UNLOCK TABLES;

--
-- Table structure for table `exam_attempts`
--

DROP TABLE IF EXISTS `exam_attempts`;
/*!40101 SET @saved_cs_client     = @@character_set_client */;
/*!40101 SET character_set_client = utf8 */;
CREATE TABLE `exam_attempts` (
  `id` bigint(20) unsigned NOT NULL AUTO_INCREMENT,
  `exam_id` bigint(20) unsigned NOT NULL,
  `user_id` bigint(20) unsigned NOT NULL,
  `started_at` timestamp NULL DEFAULT NULL,
  `submitted_at` timestamp NULL DEFAULT NULL,
  `time_remaining` int(11) DEFAULT NULL,
  `status` enum('not_started','in_progress','submitted','graded','cancelled') NOT NULL DEFAULT 'not_started',
  `is_auto_submitted` tinyint(1) NOT NULL DEFAULT 0,
  `score` decimal(5,2) DEFAULT NULL,
  `percentage` decimal(5,2) DEFAULT NULL,
  `is_passed` tinyint(1) DEFAULT NULL,
  `violation_count` int(11) NOT NULL DEFAULT 0,
  `tab_switch_count` int(11) NOT NULL DEFAULT 0,
  `fullscreen_exit_count` int(11) NOT NULL DEFAULT 0,
  `camera_enabled` tinyint(1) NOT NULL DEFAULT 0,
  `ip_address` varchar(255) DEFAULT NULL,
  `locked_ip` varchar(45) DEFAULT NULL,
  `browser_fingerprint` varchar(64) DEFAULT NULL,
  `ip_change_count` int(10) unsigned NOT NULL DEFAULT 0,
  `suspicious_activity_count` int(10) unsigned NOT NULL DEFAULT 0,
  `devtools_open_count` int(10) unsigned NOT NULL DEFAULT 0,
  `is_flagged` tinyint(1) NOT NULL DEFAULT 0,
  `flag_reason` varchar(255) DEFAULT NULL,
  `flagged_at` timestamp NULL DEFAULT NULL,
  `risk_score` tinyint(3) unsigned NOT NULL DEFAULT 0,
  `risk_level` enum('low','medium','high','critical') NOT NULL DEFAULT 'low',
  `user_agent` text DEFAULT NULL,
  `feedback` text DEFAULT NULL,
  `created_at` timestamp NULL DEFAULT NULL,
  `updated_at` timestamp NULL DEFAULT NULL,
  `deleted_at` timestamp NULL DEFAULT NULL,
  PRIMARY KEY (`id`),
  KEY `exam_attempts_user_id_foreign` (`user_id`),
  KEY `exam_attempts_status_index` (`status`),
  KEY `exam_attempts_started_at_index` (`started_at`),
  KEY `exam_attempts_exam_user_index` (`exam_id`,`user_id`),
  CONSTRAINT `exam_attempts_exam_id_foreign` FOREIGN KEY (`exam_id`) REFERENCES `exams` (`id`) ON DELETE CASCADE,
  CONSTRAINT `exam_attempts_user_id_foreign` FOREIGN KEY (`user_id`) REFERENCES `users` (`id`) ON DELETE CASCADE
) ENGINE=InnoDB AUTO_INCREMENT=485 DEFAULT CHARSET=utf8mb4 COLLATE=utf8mb4_unicode_ci;
/*!40101 SET character_set_client = @saved_cs_client */;

--
-- Dumping data for table `exam_attempts`
--

LOCK TABLES `exam_attempts` WRITE;
/*!40000 ALTER TABLE `exam_attempts` DISABLE KEYS */;
INSERT INTO `exam_attempts` VALUES (1,1,6,'2026-01-29 12:34:13','2026-01-29 12:34:32',3580,'graded',0,25.00,71.43,1,0,0,0,1,'127.0.0.1',NULL,NULL,0,0,0,0,NULL,NULL,0,'low','Mozilla/5.0 (Windows NT 10.0; Win64; x64) AppleWebKit/537.36 (KHTML, like Gecko) Chrome/144.0.0.0 Safari/537.36 Edg/144.0.0.0',NULL,'2026-01-29 12:34:13','2026-01-29 12:35:11',NULL),(2,2,6,'2026-01-29 14:07:04','2026-01-29 14:08:22',3521,'graded',0,35.00,100.00,1,0,0,0,1,'127.0.0.1','127.0.0.1','3929ae930f27a20cec3856038a7c17c30ce9893e25d9e1d74941fbff6d1c8224',0,0,0,0,NULL,NULL,0,'low','Mozilla/5.0 (Windows NT 10.0; Win64; x64) AppleWebKit/537.36 (KHTML, like Gecko) Chrome/144.0.0.0 Safari/537.36 Edg/144.0.0.0',NULL,'2026-01-29 14:07:04','2026-01-29 14:08:52',NULL),(3,3,6,'2026-01-29 16:09:09','2026-01-29 16:10:03',3545,'submitted',0,15.00,42.86,0,0,0,0,1,'127.0.0.1',NULL,NULL,0,0,0,0,NULL,NULL,0,'low','Mozilla/5.0 (Windows NT 10.0; Win64; x64) AppleWebKit/537.36 (KHTML, like Gecko) Chrome/144.0.0.0 Safari/537.36 Edg/144.0.0.0',NULL,'2026-01-29 16:09:09','2026-01-29 16:10:03',NULL),(4,4,6,'2026-01-29 16:31:11','2026-01-29 16:31:22',3588,'submitted',0,15.00,42.86,0,0,0,0,1,'127.0.0.1',NULL,NULL,0,0,0,0,NULL,NULL,0,'low','Mozilla/5.0 (Windows NT 10.0; Win64; x64) AppleWebKit/537.36 (KHTML, like Gecko) Chrome/144.0.0.0 Safari/537.36 Edg/144.0.0.0',NULL,'2026-01-29 16:31:11','2026-01-29 16:31:22',NULL),(8,5,6,'2026-01-29 16:39:04','2026-01-29 16:39:17',3586,'submitted',0,15.00,42.86,0,0,0,0,1,'127.0.0.1',NULL,NULL,0,0,0,0,NULL,NULL,0,'low','Mozilla/5.0 (Windows NT 10.0; Win64; x64) AppleWebKit/537.36 (KHTML, like Gecko) Chrome/144.0.0.0 Safari/537.36 Edg/144.0.0.0',NULL,'2026-01-29 16:39:04','2026-04-12 04:43:47','2026-04-12 04:43:47'),(16,5,6,'2026-01-29 16:53:56','2026-01-29 16:54:08',3587,'submitted',1,0.00,0.00,0,6,0,6,1,'127.0.0.1',NULL,NULL,0,0,0,0,NULL,NULL,0,'low','Mozilla/5.0 (Windows NT 10.0; Win64; x64) AppleWebKit/537.36 (KHTML, like Gecko) Chrome/144.0.0.0 Safari/537.36 Edg/144.0.0.0',NULL,'2026-01-29 16:53:56','2026-04-12 04:43:47','2026-04-12 04:43:47'),(17,7,6,'2026-02-25 04:27:41','2026-02-25 04:28:26',3554,'submitted',1,0.00,0.00,0,6,0,0,1,'127.0.0.1',NULL,NULL,0,0,0,0,NULL,NULL,0,'low','Mozilla/5.0 (Windows NT 10.0; Win64; x64) AppleWebKit/537.36 (KHTML, like Gecko) Chrome/145.0.0.0 Safari/537.36 Edg/145.0.0.0',NULL,'2026-02-25 04:27:41','2026-04-12 04:43:44','2026-04-12 04:43:44'),(18,5,6,'2026-02-25 23:46:05','2026-02-25 23:47:06',3538,'submitted',0,15.00,42.86,0,0,0,0,1,'127.0.0.1',NULL,NULL,0,0,0,0,NULL,NULL,0,'low','Mozilla/5.0 (Windows NT 10.0; Win64; x64) AppleWebKit/537.36 (KHTML, like Gecko) Chrome/145.0.0.0 Safari/537.36 Edg/145.0.0.0',NULL,'2026-02-25 23:46:05','2026-04-12 04:43:47','2026-04-12 04:43:47'),(19,8,6,'2026-02-26 11:57:42','2026-02-26 11:59:21',3500,'submitted',0,0.00,0.00,0,4,0,2,1,'127.0.0.1',NULL,NULL,0,0,0,0,NULL,NULL,0,'low','Mozilla/5.0 (Windows NT 10.0; Win64; x64) AppleWebKit/537.36 (KHTML, like Gecko) Chrome/145.0.0.0 Safari/537.36 Edg/145.0.0.0',NULL,'2026-02-26 11:57:42','2026-04-12 04:43:42','2026-04-12 04:43:42'),(20,8,6,'2026-02-26 12:02:21','2026-02-26 12:02:43',3577,'submitted',1,0.00,0.00,0,8,0,4,1,'127.0.0.1',NULL,NULL,0,0,0,0,NULL,NULL,0,'low','Mozilla/5.0 (Windows NT 10.0; Win64; x64) AppleWebKit/537.36 (KHTML, like Gecko) Chrome/145.0.0.0 Safari/537.36 Edg/145.0.0.0',NULL,'2026-02-26 12:02:21','2026-04-12 04:43:42','2026-04-12 04:43:42'),(21,8,6,'2026-02-26 12:11:39','2026-02-26 12:12:36',3542,'submitted',1,0.00,0.00,0,5,1,2,1,'127.0.0.1',NULL,NULL,0,0,0,0,NULL,NULL,0,'low','Mozilla/5.0 (Windows NT 10.0; Win64; x64) AppleWebKit/537.36 (KHTML, like Gecko) Chrome/145.0.0.0 Safari/537.36 Edg/145.0.0.0',NULL,'2026-02-26 12:11:39','2026-04-12 04:43:42','2026-04-12 04:43:42'),(22,8,6,'2026-02-26 13:09:48','2026-02-26 13:10:12',3575,'submitted',1,0.00,0.00,0,6,0,0,1,'127.0.0.1',NULL,NULL,0,0,0,0,NULL,NULL,0,'low','Mozilla/5.0 (Windows NT 10.0; Win64; x64) AppleWebKit/537.36 (KHTML, like Gecko) Chrome/145.0.0.0 Safari/537.36 Edg/145.0.0.0',NULL,'2026-02-26 13:09:48','2026-04-12 04:43:42','2026-04-12 04:43:42'),(23,8,6,'2026-02-26 13:14:00','2026-02-26 13:15:59',3480,'submitted',1,5.00,14.29,0,6,0,2,1,'127.0.0.1',NULL,NULL,0,0,0,0,NULL,NULL,0,'low','Mozilla/5.0 (Windows NT 10.0; Win64; x64) AppleWebKit/537.36 (KHTML, like Gecko) Chrome/145.0.0.0 Safari/537.36 Edg/145.0.0.0',NULL,'2026-02-26 13:14:00','2026-04-12 04:43:42','2026-04-12 04:43:42'),(24,8,6,'2026-02-26 14:15:34','2026-02-26 14:16:55',3518,'submitted',1,0.00,0.00,0,6,0,2,1,'127.0.0.1',NULL,NULL,0,0,0,0,NULL,NULL,0,'low','Mozilla/5.0 (Windows NT 10.0; Win64; x64) AppleWebKit/537.36 (KHTML, like Gecko) Chrome/145.0.0.0 Safari/537.36 Edg/145.0.0.0',NULL,'2026-02-26 14:15:34','2026-04-12 04:43:42','2026-04-12 04:43:42'),(25,8,6,'2026-02-26 14:59:06','2026-02-26 14:59:42',3563,'submitted',1,0.00,0.00,0,6,0,0,1,'127.0.0.1',NULL,NULL,0,0,0,0,NULL,NULL,0,'low','Mozilla/5.0 (Windows NT 10.0; Win64; x64) AppleWebKit/537.36 (KHTML, like Gecko) Chrome/145.0.0.0 Safari/537.36 Edg/145.0.0.0',NULL,'2026-02-26 14:59:06','2026-04-12 04:43:42','2026-04-12 04:43:42'),(26,8,6,'2026-02-26 16:54:45','2026-02-26 16:55:18',3566,'submitted',1,0.00,0.00,0,6,0,0,1,'127.0.0.1',NULL,NULL,0,0,0,0,NULL,NULL,0,'low','Mozilla/5.0 (Windows NT 10.0; Win64; x64) AppleWebKit/537.36 (KHTML, like Gecko) Chrome/145.0.0.0 Safari/537.36 Edg/145.0.0.0',NULL,'2026-02-26 16:54:45','2026-04-12 04:43:42','2026-04-12 04:43:42'),(27,8,6,'2026-02-26 17:06:21','2026-02-26 17:07:19',3541,'submitted',0,0.00,0.00,0,2,0,0,1,'127.0.0.1',NULL,NULL,0,0,0,0,NULL,NULL,0,'low','Mozilla/5.0 (Windows NT 10.0; Win64; x64) AppleWebKit/537.36 (KHTML, like Gecko) Chrome/145.0.0.0 Safari/537.36 Edg/145.0.0.0',NULL,'2026-02-26 17:06:21','2026-04-12 04:43:42','2026-04-12 04:43:42'),(36,5,6,'2026-03-18 20:45:30','2026-03-18 20:45:57',3572,'submitted',0,5.00,14.29,0,1,0,0,1,'127.0.0.1',NULL,NULL,0,0,0,0,NULL,NULL,0,'low','Mozilla/5.0 (Windows NT 10.0; Win64; x64) AppleWebKit/537.36 (KHTML, like Gecko) Chrome/146.0.0.0 Safari/537.36 Edg/146.0.0.0',NULL,'2026-03-18 20:45:30','2026-04-12 04:43:47','2026-04-12 04:43:47'),(37,18,6,'2026-04-02 00:28:02','2026-04-02 00:28:09',3592,'submitted',0,0.00,0.00,0,0,0,0,1,'127.0.0.1',NULL,NULL,0,0,0,0,NULL,NULL,0,'low','Mozilla/5.0 (Windows NT 10.0; Win64; x64) AppleWebKit/537.36 (KHTML, like Gecko) Chrome/146.0.0.0 Safari/537.36 Edg/146.0.0.0',NULL,'2026-04-02 00:28:02','2026-04-12 04:43:38','2026-04-12 04:43:38'),(38,18,6,'2026-04-07 03:55:46','2026-04-07 03:56:39',3546,'submitted',0,15.00,42.86,0,2,0,0,1,'127.0.0.1',NULL,NULL,0,0,0,0,NULL,NULL,0,'low','Mozilla/5.0 (Windows NT 10.0; Win64; x64) AppleWebKit/537.36 (KHTML, like Gecko) Chrome/146.0.0.0 Safari/537.36 Edg/146.0.0.0',NULL,'2026-04-07 03:55:46','2026-04-12 04:43:38','2026-04-12 04:43:38'),(63,43,6,'2026-04-12 04:45:29','2026-04-12 04:45:59',3569,'submitted',0,5.00,14.29,0,0,0,0,1,'127.0.0.1',NULL,NULL,0,0,0,0,NULL,NULL,0,'low','Mozilla/5.0 (Windows NT 10.0; Win64; x64) AppleWebKit/537.36 (KHTML, like Gecko) Chrome/146.0.0.0 Safari/537.36 Edg/146.0.0.0',NULL,'2026-04-12 04:45:29','2026-04-12 04:45:59',NULL),(64,43,6,'2026-04-12 04:46:39','2026-04-12 04:47:21',3557,'submitted',1,0.00,0.00,0,5,0,1,1,'127.0.0.1',NULL,NULL,0,0,0,0,NULL,NULL,0,'low','Mozilla/5.0 (Windows NT 10.0; Win64; x64) AppleWebKit/537.36 (KHTML, like Gecko) Chrome/146.0.0.0 Safari/537.36 Edg/146.0.0.0',NULL,'2026-04-12 04:46:39','2026-04-12 04:47:21',NULL),(89,68,6,'2026-04-20 02:37:19','2026-04-20 02:45:10',3128,'submitted',0,10.00,18.18,0,4,0,1,1,'127.0.0.1',NULL,NULL,0,0,0,0,NULL,NULL,0,'low','Mozilla/5.0 (Windows NT 10.0; Win64; x64) AppleWebKit/537.36 (KHTML, like Gecko) Chrome/147.0.0.0 Safari/537.36 Edg/147.0.0.0',NULL,'2026-04-20 02:37:19','2026-04-20 08:50:36','2026-04-20 08:50:36'),(90,68,6,'2026-04-20 02:46:14','2026-04-20 02:46:34',3579,'submitted',1,15.00,27.27,0,5,0,0,1,'127.0.0.1',NULL,NULL,0,0,0,0,NULL,NULL,0,'low','Mozilla/5.0 (Windows NT 10.0; Win64; x64) AppleWebKit/537.36 (KHTML, like Gecko) Chrome/147.0.0.0 Safari/537.36 Edg/147.0.0.0',NULL,'2026-04-20 02:46:14','2026-04-20 08:50:36','2026-04-20 08:50:36'),(147,68,6,'2026-04-20 07:55:01','2026-04-20 07:55:32',3568,'submitted',0,0.00,0.00,0,0,0,0,1,'127.0.0.1',NULL,NULL,0,0,0,0,NULL,NULL,0,'low','Mozilla/5.0 (Windows NT 10.0; Win64; x64) AppleWebKit/537.36 (KHTML, like Gecko) Chrome/147.0.0.0 Safari/537.36 Edg/147.0.0.0',NULL,'2026-04-20 07:55:01','2026-04-20 08:50:36','2026-04-20 08:50:36'),(156,68,6,'2026-04-20 08:10:04','2026-04-20 08:10:57',3546,'submitted',0,15.00,33.33,0,3,0,0,1,'127.0.0.1',NULL,NULL,0,0,0,0,NULL,NULL,0,'low','Mozilla/5.0 (Windows NT 10.0; Win64; x64) AppleWebKit/537.36 (KHTML, like Gecko) Chrome/147.0.0.0 Safari/537.36 Edg/147.0.0.0',NULL,'2026-04-20 08:10:04','2026-04-20 08:50:36','2026-04-20 08:50:36'),(157,134,6,'2026-04-20 08:52:42','2026-04-20 08:53:00',3581,'submitted',1,10.00,50.00,0,7,0,0,1,'127.0.0.1',NULL,NULL,0,0,0,0,NULL,NULL,0,'low','Mozilla/5.0 (Windows NT 10.0; Win64; x64) AppleWebKit/537.36 (KHTML, like Gecko) Chrome/147.0.0.0 Safari/537.36 Edg/147.0.0.0',NULL,'2026-04-20 08:52:42','2026-04-20 09:04:46','2026-04-20 09:04:46'),(158,135,6,'2026-04-20 09:06:57','2026-04-20 09:08:00',3536,'submitted',1,15.00,27.27,0,4,0,0,1,'127.0.0.1',NULL,NULL,0,0,0,0,NULL,NULL,0,'low','Mozilla/5.0 (Windows NT 10.0; Win64; x64) AppleWebKit/537.36 (KHTML, like Gecko) Chrome/147.0.0.0 Safari/537.36 Edg/147.0.0.0',NULL,'2026-04-20 09:06:57','2026-04-20 09:28:40','2026-04-20 09:28:40'),(169,145,6,'2026-04-20 09:41:31','2026-04-20 09:41:48',3582,'submitted',1,0.00,0.00,0,6,0,0,1,'127.0.0.1',NULL,NULL,0,0,0,0,NULL,NULL,0,'low','Mozilla/5.0 (Windows NT 10.0; Win64; x64) AppleWebKit/537.36 (KHTML, like Gecko) Chrome/147.0.0.0 Safari/537.36 Edg/147.0.0.0',NULL,'2026-04-20 09:41:31','2026-04-20 09:41:48',NULL),(170,145,6,'2026-04-20 09:44:26','2026-04-20 09:44:35',3590,'submitted',1,0.00,0.00,0,6,0,0,1,'127.0.0.1',NULL,NULL,0,0,0,0,NULL,NULL,0,'low','Mozilla/5.0 (Windows NT 10.0; Win64; x64) AppleWebKit/537.36 (KHTML, like Gecko) Chrome/147.0.0.0 Safari/537.36 Edg/147.0.0.0',NULL,'2026-04-20 09:44:26','2026-04-20 09:44:35',NULL),(240,145,6,'2026-04-20 11:42:46','2026-04-20 11:43:11',3574,'submitted',1,0.00,0.00,0,9,0,0,1,'127.0.0.1',NULL,NULL,0,0,0,0,NULL,NULL,0,'low','Mozilla/5.0 (Windows NT 10.0; Win64; x64) AppleWebKit/537.36 (KHTML, like Gecko) Chrome/147.0.0.0 Safari/537.36 Edg/147.0.0.0',NULL,'2026-04-20 11:42:46','2026-04-20 11:43:11',NULL),(253,145,6,'2026-04-20 11:47:09','2026-04-20 11:47:32',3576,'submitted',1,10.00,28.57,0,7,0,0,1,'127.0.0.1',NULL,NULL,0,0,0,0,NULL,NULL,0,'low','Mozilla/5.0 (Windows NT 10.0; Win64; x64) AppleWebKit/537.36 (KHTML, like Gecko) Chrome/147.0.0.0 Safari/537.36 Edg/147.0.0.0',NULL,'2026-04-20 11:47:09','2026-04-20 11:47:32',NULL),(278,145,6,'2026-04-20 11:55:52','2026-04-20 11:56:16',3575,'submitted',1,10.00,28.57,0,20,0,0,1,'127.0.0.1',NULL,NULL,0,0,0,0,NULL,NULL,0,'low','Mozilla/5.0 (Windows NT 10.0; Win64; x64) AppleWebKit/537.36 (KHTML, like Gecko) Chrome/147.0.0.0 Safari/537.36 Edg/147.0.0.0',NULL,'2026-04-20 11:55:52','2026-04-20 11:56:16',NULL),(322,145,6,'2026-04-20 12:33:34','2026-04-20 12:34:09',3564,'submitted',1,10.00,28.57,0,20,3,0,1,'127.0.0.1',NULL,NULL,0,0,0,0,NULL,NULL,0,'low','Mozilla/5.0 (Windows NT 10.0; Win64; x64) AppleWebKit/537.36 (KHTML, like Gecko) Chrome/147.0.0.0 Safari/537.36 Edg/147.0.0.0',NULL,'2026-04-20 12:33:34','2026-04-20 12:34:09',NULL),(323,145,6,'2026-04-20 12:34:35','2026-04-20 12:34:47',3587,'graded',0,35.00,100.00,1,0,0,0,1,'127.0.0.1',NULL,NULL,0,0,0,0,NULL,NULL,0,'low','Mozilla/5.0 (Windows NT 10.0; Win64; x64) AppleWebKit/537.36 (KHTML, like Gecko) Chrome/147.0.0.0 Safari/537.36 Edg/147.0.0.0',NULL,'2026-04-20 12:34:35','2026-04-25 03:45:34',NULL),(479,540,6,'2026-05-11 04:28:57','2026-05-11 04:39:42',6314,'submitted',0,15.00,42.86,0,3,0,0,1,'127.0.0.1',NULL,NULL,0,0,0,0,NULL,NULL,0,'low','Mozilla/5.0 (Windows NT 10.0; Win64; x64) AppleWebKit/537.36 (KHTML, like Gecko) Chrome/147.0.0.0 Safari/537.36 Edg/147.0.0.0',NULL,'2026-05-11 04:28:57','2026-05-11 04:39:42',NULL),(480,540,6,'2026-05-13 05:28:51','2026-05-13 05:29:46',7144,'submitted',1,15.00,42.86,0,5,0,0,1,'127.0.0.1',NULL,NULL,0,0,0,0,NULL,NULL,0,'low','Mozilla/5.0 (Windows NT 10.0; Win64; x64) AppleWebKit/537.36 (KHTML, like Gecko) Chrome/148.0.0.0 Safari/537.36 Edg/148.0.0.0',NULL,'2026-05-13 05:28:51','2026-05-13 05:29:46',NULL),(481,540,6,'2026-05-13 05:30:44','2026-05-13 05:31:03',7180,'submitted',1,0.00,0.00,0,5,4,0,1,'127.0.0.1',NULL,NULL,0,0,0,0,NULL,NULL,0,'low','Mozilla/5.0 (Windows NT 10.0; Win64; x64) AppleWebKit/537.36 (KHTML, like Gecko) Chrome/148.0.0.0 Safari/537.36 Edg/148.0.0.0',NULL,'2026-05-13 05:30:44','2026-05-13 05:31:03',NULL),(482,540,6,'2026-05-13 09:00:38','2026-05-13 09:00:57',7180,'submitted',0,0.00,0.00,0,3,0,0,1,'127.0.0.1',NULL,NULL,0,0,0,0,NULL,NULL,0,'low','Mozilla/5.0 (Windows NT 10.0; Win64; x64) AppleWebKit/537.36 (KHTML, like Gecko) Chrome/148.0.0.0 Safari/537.36 Edg/148.0.0.0',NULL,'2026-05-13 09:00:38','2026-05-13 09:00:57',NULL),(483,43,6,'2026-06-12 23:07:18','2026-06-13 11:06:35',0,'submitted',1,0.00,0.00,0,2,0,1,1,'127.0.0.1',NULL,NULL,0,0,0,0,NULL,NULL,0,'low','Mozilla/5.0 (Windows NT 10.0; Win64; x64) AppleWebKit/537.36 (KHTML, like Gecko) Chrome/149.0.0.0 Safari/537.36 Edg/149.0.0.0',NULL,'2026-06-12 23:07:18','2026-06-13 11:06:35',NULL),(484,43,6,'2026-06-13 11:07:42','2026-06-13 11:08:34',3547,'submitted',1,0.00,0.00,0,5,0,1,1,'127.0.0.1',NULL,NULL,0,0,0,0,NULL,NULL,0,'low','Mozilla/5.0 (Windows NT 10.0; Win64; x64) AppleWebKit/537.36 (KHTML, like Gecko) Chrome/149.0.0.0 Safari/537.36 Edg/149.0.0.0',NULL,'2026-06-13 11:07:42','2026-06-13 11:08:34',NULL);
/*!40000 ALTER TABLE `exam_attempts` ENABLE KEYS */;
UNLOCK TABLES;

--
-- Table structure for table `exam_settings`
--

DROP TABLE IF EXISTS `exam_settings`;
/*!40101 SET @saved_cs_client     = @@character_set_client */;
/*!40101 SET character_set_client = utf8 */;
CREATE TABLE `exam_settings` (
  `id` bigint(20) unsigned NOT NULL AUTO_INCREMENT,
  `exam_id` bigint(20) unsigned NOT NULL,
  `webcam_enabled` tinyint(1) NOT NULL DEFAULT 1,
  `browser_lock_enabled` tinyint(1) NOT NULL DEFAULT 1,
  `tab_switch_detection` tinyint(1) NOT NULL DEFAULT 1,
  `max_tab_switches` int(11) NOT NULL DEFAULT 3,
  `shuffle_questions` tinyint(1) NOT NULL DEFAULT 0,
  `shuffle_options` tinyint(1) NOT NULL DEFAULT 0,
  `show_correct_answers` tinyint(1) NOT NULL DEFAULT 0,
  `show_score` tinyint(1) NOT NULL DEFAULT 1,
  `max_attempts` int(11) DEFAULT NULL,
  `grade_method` enum('highest','latest','average') NOT NULL DEFAULT 'highest',
  `passing_score` int(11) NOT NULL DEFAULT 60,
  `snapshot_interval` int(11) NOT NULL DEFAULT 30,
  `block_keyboard_shortcuts` tinyint(1) NOT NULL DEFAULT 1,
  `auto_submit_threshold` int(11) NOT NULL DEFAULT 5,
  `lock_ip` tinyint(1) NOT NULL DEFAULT 1,
  `detect_devtools` tinyint(1) NOT NULL DEFAULT 1,
  `detect_vm` tinyint(1) NOT NULL DEFAULT 0,
  `prevent_screenshot` tinyint(1) NOT NULL DEFAULT 1,
  `strict_mode` tinyint(1) NOT NULL DEFAULT 0,
  `heartbeat_interval` int(10) unsigned NOT NULL DEFAULT 30,
  `max_suspicious_activities` int(10) unsigned NOT NULL DEFAULT 10,
  `created_at` timestamp NULL DEFAULT NULL,
  `updated_at` timestamp NULL DEFAULT NULL,
  PRIMARY KEY (`id`),
  UNIQUE KEY `exam_settings_exam_id_unique` (`exam_id`),
  CONSTRAINT `exam_settings_exam_id_foreign` FOREIGN KEY (`exam_id`) REFERENCES `exams` (`id`) ON DELETE CASCADE
) ENGINE=InnoDB AUTO_INCREMENT=372 DEFAULT CHARSET=utf8mb4 COLLATE=utf8mb4_unicode_ci;
/*!40101 SET character_set_client = @saved_cs_client */;

--
-- Dumping data for table `exam_settings`
--

LOCK TABLES `exam_settings` WRITE;
/*!40000 ALTER TABLE `exam_settings` DISABLE KEYS */;
INSERT INTO `exam_settings` VALUES (1,1,1,1,1,5,0,0,0,1,1,'highest',60,30,1,5,1,1,0,1,0,30,10,'2026-01-29 12:33:46','2026-01-29 12:33:46'),(2,2,1,1,1,5,0,0,0,1,1,'highest',60,30,1,5,1,1,0,1,0,30,10,'2026-01-29 14:06:18','2026-01-29 14:06:18'),(3,3,1,1,1,5,0,0,0,1,0,'latest',60,30,1,5,1,1,0,1,0,30,10,'2026-01-29 16:03:00','2026-01-29 16:28:29'),(4,4,1,1,1,5,0,0,0,1,0,'highest',60,30,1,5,1,1,0,1,0,30,10,'2026-01-29 16:30:42','2026-01-29 16:30:42'),(5,5,1,1,1,5,0,0,0,1,5,'highest',60,30,1,5,1,1,0,1,0,30,10,'2026-01-29 16:38:25','2026-02-25 23:45:06'),(7,7,1,1,1,5,0,0,0,1,1,'highest',60,30,1,5,1,1,0,1,0,30,10,'2026-02-25 04:25:24','2026-02-25 04:25:24'),(8,8,1,1,1,5,0,0,0,1,10,'highest',60,30,1,5,1,1,0,1,0,30,10,'2026-02-26 02:19:45','2026-02-26 12:01:56'),(18,18,1,1,1,5,0,0,0,1,10,'highest',60,30,1,5,1,1,0,1,0,30,10,'2026-04-02 00:27:09','2026-04-07 03:54:57'),(43,43,1,1,1,5,0,0,1,1,0,'highest',60,30,1,5,1,1,0,1,0,30,10,'2026-04-12 04:44:59','2026-04-12 04:44:59'),(68,68,1,1,1,5,0,0,0,1,0,'highest',60,30,1,5,1,1,0,1,0,30,10,'2026-04-20 02:14:46','2026-04-20 02:14:46'),(69,69,1,1,1,5,0,0,0,1,1,'highest',60,30,1,5,1,1,0,1,0,30,10,'2026-04-20 02:17:37','2026-04-20 02:17:37'),(134,134,1,1,1,8,0,0,0,1,0,'highest',60,30,1,8,1,1,0,1,0,30,10,'2026-04-20 08:51:04','2026-04-20 08:51:04'),(135,135,1,1,1,11,0,0,0,1,10,'highest',60,30,1,11,1,1,0,1,0,30,10,'2026-04-20 09:05:21','2026-04-20 09:12:00'),(145,145,1,1,1,20,0,0,0,1,10,'highest',60,30,1,20,1,1,0,1,0,30,10,'2026-04-20 09:29:07','2026-04-20 12:33:06'),(371,540,1,1,1,5,0,0,0,1,5,'highest',60,30,1,5,1,1,0,1,0,30,10,'2026-05-11 04:21:47','2026-05-13 05:27:56');
/*!40000 ALTER TABLE `exam_settings` ENABLE KEYS */;
UNLOCK TABLES;

--
-- Table structure for table `exams`
--

DROP TABLE IF EXISTS `exams`;
/*!40101 SET @saved_cs_client     = @@character_set_client */;
/*!40101 SET character_set_client = utf8 */;
CREATE TABLE `exams` (
  `id` bigint(20) unsigned NOT NULL AUTO_INCREMENT,
  `course_id` bigint(20) unsigned NOT NULL,
  `created_by` bigint(20) unsigned NOT NULL,
  `title` varchar(255) NOT NULL,
  `description` text DEFAULT NULL,
  `type` enum('scheduled','flexible') NOT NULL DEFAULT 'scheduled',
  `duration` int(11) NOT NULL DEFAULT 60,
  `start_time` datetime DEFAULT NULL,
  `end_time` datetime DEFAULT NULL,
  `access_token` varchar(32) NOT NULL,
  `status` enum('draft','published','ongoing','completed','cancelled') NOT NULL DEFAULT 'draft',
  `created_at` timestamp NULL DEFAULT NULL,
  `updated_at` timestamp NULL DEFAULT NULL,
  `deleted_at` timestamp NULL DEFAULT NULL,
  PRIMARY KEY (`id`),
  UNIQUE KEY `exams_access_token_unique` (`access_token`),
  KEY `exams_course_id_index` (`course_id`),
  KEY `exams_created_by_index` (`created_by`),
  KEY `exams_status_index` (`status`),
  KEY `exams_start_time_end_time_index` (`start_time`,`end_time`),
  CONSTRAINT `exams_course_id_foreign` FOREIGN KEY (`course_id`) REFERENCES `courses` (`id`) ON DELETE CASCADE,
  CONSTRAINT `exams_created_by_foreign` FOREIGN KEY (`created_by`) REFERENCES `users` (`id`) ON DELETE CASCADE
) ENGINE=InnoDB AUTO_INCREMENT=541 DEFAULT CHARSET=utf8mb4 COLLATE=utf8mb4_unicode_ci;
/*!40101 SET character_set_client = @saved_cs_client */;

--
-- Dumping data for table `exams`
--

LOCK TABLES `exams` WRITE;
/*!40000 ALTER TABLE `exams` DISABLE KEYS */;
INSERT INTO `exams` VALUES (1,4,7,'asd',NULL,'flexible',60,NULL,NULL,'JT9NDYPK','published','2026-01-29 12:33:46','2026-01-29 16:30:22','2026-01-29 16:30:22'),(2,4,7,'asw',NULL,'flexible',60,NULL,NULL,'TBENNMSV','published','2026-01-29 14:06:18','2026-01-29 16:30:12','2026-01-29 16:30:12'),(3,4,7,'asq',NULL,'flexible',60,NULL,NULL,'1GJGUMSS','published','2026-01-29 16:03:00','2026-01-29 16:30:08','2026-01-29 16:30:08'),(4,4,7,'asd',NULL,'flexible',60,NULL,NULL,'7N91OLBW','published','2026-01-29 16:30:42','2026-01-29 16:38:11','2026-01-29 16:38:11'),(5,4,7,'asd',NULL,'flexible',60,NULL,NULL,'03QUJAWS','published','2026-01-29 16:38:25','2026-04-12 04:43:47','2026-04-12 04:43:47'),(7,4,7,'UTS','asd','scheduled',60,'2026-02-25 11:24:00','2026-02-26 11:26:00','QZTMXP2T','published','2026-02-25 04:25:24','2026-04-12 04:43:44','2026-04-12 04:43:44'),(8,4,7,'DSA',NULL,'flexible',60,NULL,NULL,'WDS3ODBE','published','2026-02-26 02:19:45','2026-04-12 04:43:42','2026-04-12 04:43:42'),(9,4,7,'DSA (Salinan)',NULL,'flexible',60,NULL,NULL,'4WZTF4J2','draft','2026-03-15 14:22:19','2026-03-15 14:22:30','2026-03-15 14:22:30'),(18,4,7,'no proctor',NULL,'flexible',60,NULL,NULL,'TPJ53VDJ','published','2026-04-02 00:27:09','2026-04-12 04:43:38','2026-04-12 04:43:38'),(43,4,7,'asd',NULL,'flexible',60,NULL,NULL,'3ELZJSRC','published','2026-04-12 04:44:59','2026-04-12 04:44:59',NULL),(68,4,7,'asdyaya','yaya','flexible',60,NULL,NULL,'UWN28792','published','2026-04-20 02:14:46','2026-04-20 08:50:36','2026-04-20 08:50:36'),(69,4,7,'belum ada soal',NULL,'flexible',60,NULL,NULL,'ASAFJLNA','draft','2026-04-20 02:17:37','2026-04-24 14:37:31','2026-04-24 14:37:31'),(134,4,7,'tes gambar',NULL,'flexible',60,NULL,NULL,'4DD0CCTU','published','2026-04-20 08:51:04','2026-04-20 09:04:46','2026-04-20 09:04:46'),(135,4,7,'tes gambar',NULL,'flexible',60,NULL,NULL,'JVMDHUYL','published','2026-04-20 09:05:21','2026-04-20 09:28:40','2026-04-20 09:28:40'),(145,4,7,'tes','tes','flexible',60,NULL,NULL,'XIRYCXTJ','published','2026-04-20 09:29:07','2026-04-20 09:29:28',NULL),(540,4,7,'UTS MTK','asdas','flexible',120,NULL,NULL,'ULXRUTRI','published','2026-05-11 04:21:47','2026-05-11 18:34:47',NULL);
/*!40000 ALTER TABLE `exams` ENABLE KEYS */;
UNLOCK TABLES;

--
-- Table structure for table `failed_jobs`
--

DROP TABLE IF EXISTS `failed_jobs`;
/*!40101 SET @saved_cs_client     = @@character_set_client */;
/*!40101 SET character_set_client = utf8 */;
CREATE TABLE `failed_jobs` (
  `id` bigint(20) unsigned NOT NULL AUTO_INCREMENT,
  `uuid` varchar(255) NOT NULL,
  `connection` text NOT NULL,
  `queue` text NOT NULL,
  `payload` longtext NOT NULL,
  `exception` longtext NOT NULL,
  `failed_at` timestamp NOT NULL DEFAULT current_timestamp(),
  PRIMARY KEY (`id`),
  UNIQUE KEY `failed_jobs_uuid_unique` (`uuid`)
) ENGINE=InnoDB DEFAULT CHARSET=utf8mb4 COLLATE=utf8mb4_unicode_ci;
/*!40101 SET character_set_client = @saved_cs_client */;

--
-- Dumping data for table `failed_jobs`
--

LOCK TABLES `failed_jobs` WRITE;
/*!40000 ALTER TABLE `failed_jobs` DISABLE KEYS */;
/*!40000 ALTER TABLE `failed_jobs` ENABLE KEYS */;
UNLOCK TABLES;

--
-- Table structure for table `job_batches`
--

DROP TABLE IF EXISTS `job_batches`;
/*!40101 SET @saved_cs_client     = @@character_set_client */;
/*!40101 SET character_set_client = utf8 */;
CREATE TABLE `job_batches` (
  `id` varchar(255) NOT NULL,
  `name` varchar(255) NOT NULL,
  `total_jobs` int(11) NOT NULL,
  `pending_jobs` int(11) NOT NULL,
  `failed_jobs` int(11) NOT NULL,
  `failed_job_ids` longtext NOT NULL,
  `options` mediumtext DEFAULT NULL,
  `cancelled_at` int(11) DEFAULT NULL,
  `created_at` int(11) NOT NULL,
  `finished_at` int(11) DEFAULT NULL,
  PRIMARY KEY (`id`)
) ENGINE=InnoDB DEFAULT CHARSET=utf8mb4 COLLATE=utf8mb4_unicode_ci;
/*!40101 SET character_set_client = @saved_cs_client */;

--
-- Dumping data for table `job_batches`
--

LOCK TABLES `job_batches` WRITE;
/*!40000 ALTER TABLE `job_batches` DISABLE KEYS */;
/*!40000 ALTER TABLE `job_batches` ENABLE KEYS */;
UNLOCK TABLES;

--
-- Table structure for table `jobs`
--

DROP TABLE IF EXISTS `jobs`;
/*!40101 SET @saved_cs_client     = @@character_set_client */;
/*!40101 SET character_set_client = utf8 */;
CREATE TABLE `jobs` (
  `id` bigint(20) unsigned NOT NULL AUTO_INCREMENT,
  `queue` varchar(255) NOT NULL,
  `payload` longtext NOT NULL,
  `attempts` tinyint(3) unsigned NOT NULL,
  `reserved_at` int(10) unsigned DEFAULT NULL,
  `available_at` int(10) unsigned NOT NULL,
  `created_at` int(10) unsigned NOT NULL,
  PRIMARY KEY (`id`),
  KEY `jobs_queue_index` (`queue`)
) ENGINE=InnoDB DEFAULT CHARSET=utf8mb4 COLLATE=utf8mb4_unicode_ci;
/*!40101 SET character_set_client = @saved_cs_client */;

--
-- Dumping data for table `jobs`
--

LOCK TABLES `jobs` WRITE;
/*!40000 ALTER TABLE `jobs` DISABLE KEYS */;
/*!40000 ALTER TABLE `jobs` ENABLE KEYS */;
UNLOCK TABLES;

--
-- Table structure for table `migrations`
--

DROP TABLE IF EXISTS `migrations`;
/*!40101 SET @saved_cs_client     = @@character_set_client */;
/*!40101 SET character_set_client = utf8 */;
CREATE TABLE `migrations` (
  `id` int(10) unsigned NOT NULL AUTO_INCREMENT,
  `migration` varchar(255) NOT NULL,
  `batch` int(11) NOT NULL,
  PRIMARY KEY (`id`)
) ENGINE=InnoDB AUTO_INCREMENT=31 DEFAULT CHARSET=utf8mb4 COLLATE=utf8mb4_unicode_ci;
/*!40101 SET character_set_client = @saved_cs_client */;

--
-- Dumping data for table `migrations`
--

LOCK TABLES `migrations` WRITE;
/*!40000 ALTER TABLE `migrations` DISABLE KEYS */;
INSERT INTO `migrations` VALUES (1,'0001_01_01_000000_create_users_table',1),(2,'0001_01_01_000001_create_cache_table',1),(3,'0001_01_01_000002_create_jobs_table',1),(4,'2024_01_01_000001_create_roles_table',1),(5,'2024_01_01_000002_add_role_to_users_table',1),(6,'2024_01_01_000003_create_courses_table',1),(7,'2024_01_01_000004_create_exams_table',1),(8,'2024_01_01_000005_create_questions_table',1),(9,'2024_01_01_000006_create_question_options_table',1),(10,'2024_01_01_000007_create_exam_attempts_table',1),(11,'2024_01_01_000008_create_answers_table',1),(12,'2024_01_01_000009_create_proctoring_logs_table',1),(13,'2024_01_01_000010_create_audit_logs_table',1),(14,'2024_01_01_000011_create_exam_settings_table',1),(15,'2024_01_01_000012_add_approval_to_users_table',1),(16,'2024_01_01_000013_create_classes_table',1),(17,'2026_01_19_143004_update_exams_table_structure',1),(18,'2026_01_19_143043_update_exam_settings_table_add_new_fields',1),(19,'2024_01_15_000001_add_security_fields_to_exam_tables',2),(21,'2026_01_29_235231_remove_unique_constraint_from_exam_attempts',3),(22,'2026_02_26_000001_add_feedback_to_exam_attempts_table',4),(23,'2026_02_26_000002_cleanup_exam_settings_and_class_student',4),(24,'2026_02_26_000003_fix_block_keyboard_shortcuts_default',4),(25,'2026_03_15_000004_add_devtools_tampering_to_proctoring_logs_enum',5),(26,'2026_04_12_000001_add_soft_deletes_to_questions_attempts_answers',6),(27,'2026_04_12_000001_drop_email_verified_at_from_users_table',7),(28,'2026_04_12_000002_add_missing_email_verified_at_to_users_table',8),(29,'2026_04_20_000001_drop_warning_threshold_from_exam_settings_table',9),(30,'2026_04_20_000002_sync_exam_settings_violation_thresholds',9);
/*!40000 ALTER TABLE `migrations` ENABLE KEYS */;
UNLOCK TABLES;

--
-- Table structure for table `password_reset_tokens`
--

DROP TABLE IF EXISTS `password_reset_tokens`;
/*!40101 SET @saved_cs_client     = @@character_set_client */;
/*!40101 SET character_set_client = utf8 */;
CREATE TABLE `password_reset_tokens` (
  `email` varchar(255) NOT NULL,
  `token` varchar(255) NOT NULL,
  `created_at` timestamp NULL DEFAULT NULL,
  PRIMARY KEY (`email`)
) ENGINE=InnoDB DEFAULT CHARSET=utf8mb4 COLLATE=utf8mb4_unicode_ci;
/*!40101 SET character_set_client = @saved_cs_client */;

--
-- Dumping data for table `password_reset_tokens`
--

LOCK TABLES `password_reset_tokens` WRITE;
/*!40000 ALTER TABLE `password_reset_tokens` DISABLE KEYS */;
/*!40000 ALTER TABLE `password_reset_tokens` ENABLE KEYS */;
UNLOCK TABLES;

--
-- Table structure for table `proctoring_logs`
--

DROP TABLE IF EXISTS `proctoring_logs`;
/*!40101 SET @saved_cs_client     = @@character_set_client */;
/*!40101 SET character_set_client = utf8 */;
CREATE TABLE `proctoring_logs` (
  `id` bigint(20) unsigned NOT NULL AUTO_INCREMENT,
  `attempt_id` bigint(20) unsigned NOT NULL,
  `user_id` bigint(20) unsigned NOT NULL,
  `violation_type` enum('tab_switch','fullscreen_exit','camera_disabled','no_face_detected','multiple_faces','browser_refresh','copy_paste','right_click','keyboard_shortcut','window_blur','devtools','tampering','other') NOT NULL,
  `description` text DEFAULT NULL,
  `snapshot_path` varchar(255) DEFAULT NULL,
  `metadata` longtext CHARACTER SET utf8mb4 COLLATE utf8mb4_bin DEFAULT NULL CHECK (json_valid(`metadata`)),
  `client_ip` varchar(45) DEFAULT NULL,
  `client_fingerprint` varchar(64) DEFAULT NULL,
  `severity` varchar(255) NOT NULL DEFAULT 'medium',
  `is_reviewed` tinyint(1) NOT NULL DEFAULT 0,
  `reviewed_by` bigint(20) unsigned DEFAULT NULL,
  `reviewed_at` timestamp NULL DEFAULT NULL,
  `review_notes` text DEFAULT NULL,
  `created_at` timestamp NULL DEFAULT NULL,
  `updated_at` timestamp NULL DEFAULT NULL,
  PRIMARY KEY (`id`),
  KEY `proctoring_logs_reviewed_by_foreign` (`reviewed_by`),
  KEY `proctoring_logs_attempt_id_index` (`attempt_id`),
  KEY `proctoring_logs_user_id_index` (`user_id`),
  KEY `proctoring_logs_violation_type_index` (`violation_type`),
  KEY `proctoring_logs_severity_index` (`severity`),
  KEY `proctoring_logs_is_reviewed_index` (`is_reviewed`),
  KEY `proctoring_logs_created_at_index` (`created_at`),
  CONSTRAINT `proctoring_logs_attempt_id_foreign` FOREIGN KEY (`attempt_id`) REFERENCES `exam_attempts` (`id`) ON DELETE CASCADE,
  CONSTRAINT `proctoring_logs_reviewed_by_foreign` FOREIGN KEY (`reviewed_by`) REFERENCES `users` (`id`) ON DELETE SET NULL,
  CONSTRAINT `proctoring_logs_user_id_foreign` FOREIGN KEY (`user_id`) REFERENCES `users` (`id`) ON DELETE CASCADE
) ENGINE=InnoDB AUTO_INCREMENT=206 DEFAULT CHARSET=utf8mb4 COLLATE=utf8mb4_unicode_ci;
/*!40101 SET character_set_client = @saved_cs_client */;

--
-- Dumping data for table `proctoring_logs`
--

LOCK TABLES `proctoring_logs` WRITE;
/*!40000 ALTER TABLE `proctoring_logs` DISABLE KEYS */;
INSERT INTO `proctoring_logs` VALUES (65,64,6,'keyboard_shortcut','Blocked Ctrl+C','proctoring/43/6/2026-04-12_114645_69db23b5e4b1d.jpeg',NULL,NULL,NULL,'medium',0,NULL,NULL,NULL,'2026-04-12 04:46:46','2026-04-12 04:46:46'),(66,64,6,'fullscreen_exit','User exited fullscreen mode','proctoring/43/6/2026-04-12_114659_69db23c32f6c8.jpeg',NULL,NULL,NULL,'medium',0,NULL,NULL,NULL,'2026-04-12 04:46:59','2026-04-12 04:46:59'),(67,64,6,'keyboard_shortcut','Blocked Ctrl+C','proctoring/43/6/2026-04-12_114719_69db23d7c3ec9.jpeg',NULL,NULL,NULL,'medium',0,NULL,NULL,NULL,'2026-04-12 04:47:19','2026-04-12 04:47:19'),(68,64,6,'keyboard_shortcut','Blocked Ctrl+C','proctoring/43/6/2026-04-12_114720_69db23d80c8fa.jpeg',NULL,NULL,NULL,'medium',0,NULL,NULL,NULL,'2026-04-12 04:47:20','2026-04-12 04:47:20'),(69,64,6,'keyboard_shortcut','Blocked Ctrl+C','proctoring/43/6/2026-04-12_114720_69db23d8cd861.jpeg',NULL,NULL,NULL,'medium',0,NULL,NULL,NULL,'2026-04-12 04:47:20','2026-04-12 04:47:20'),(93,169,6,'keyboard_shortcut','Blocked Ctrl+C','proctoring/145/6/2026-04-20_164137_69e5f4d1679eb.jpeg',NULL,NULL,NULL,'medium',0,NULL,NULL,NULL,'2026-04-20 09:41:37','2026-04-20 09:41:37'),(94,169,6,'keyboard_shortcut','Blocked Ctrl+C','proctoring/145/6/2026-04-20_164139_69e5f4d3ca2b2.jpeg',NULL,NULL,NULL,'medium',0,NULL,NULL,NULL,'2026-04-20 09:41:39','2026-04-20 09:41:39'),(95,169,6,'keyboard_shortcut','Blocked Ctrl+C','proctoring/145/6/2026-04-20_164140_69e5f4d466a2c.jpeg',NULL,NULL,NULL,'medium',0,NULL,NULL,NULL,'2026-04-20 09:41:40','2026-04-20 09:41:40'),(96,169,6,'keyboard_shortcut','Blocked Ctrl+C','proctoring/145/6/2026-04-20_164142_69e5f4d644189.jpeg',NULL,NULL,NULL,'medium',0,NULL,NULL,NULL,'2026-04-20 09:41:42','2026-04-20 09:41:42'),(97,169,6,'keyboard_shortcut','Blocked Ctrl+C','proctoring/145/6/2026-04-20_164142_69e5f4d6ea426.jpeg',NULL,NULL,NULL,'medium',0,NULL,NULL,NULL,'2026-04-20 09:41:42','2026-04-20 09:41:42'),(98,169,6,'keyboard_shortcut','Blocked Ctrl+C','proctoring/145/6/2026-04-20_164144_69e5f4d8aca82.jpeg',NULL,NULL,NULL,'medium',0,NULL,NULL,NULL,'2026-04-20 09:41:44','2026-04-20 09:41:44'),(99,170,6,'keyboard_shortcut','Blocked Ctrl+C','proctoring/145/6/2026-04-20_164431_69e5f57f3f3be.jpeg',NULL,NULL,NULL,'medium',0,NULL,NULL,NULL,'2026-04-20 09:44:31','2026-04-20 09:44:31'),(100,170,6,'keyboard_shortcut','Blocked Ctrl+C','proctoring/145/6/2026-04-20_164431_69e5f57f866a6.jpeg',NULL,NULL,NULL,'medium',0,NULL,NULL,NULL,'2026-04-20 09:44:31','2026-04-20 09:44:31'),(101,170,6,'keyboard_shortcut','Blocked Ctrl+C','proctoring/145/6/2026-04-20_164431_69e5f57fbedf0.jpeg',NULL,NULL,NULL,'medium',0,NULL,NULL,NULL,'2026-04-20 09:44:31','2026-04-20 09:44:31'),(102,170,6,'keyboard_shortcut','Blocked Ctrl+C','proctoring/145/6/2026-04-20_164433_69e5f58138fd0.jpeg',NULL,NULL,NULL,'medium',0,NULL,NULL,NULL,'2026-04-20 09:44:33','2026-04-20 09:44:33'),(103,170,6,'keyboard_shortcut','Blocked Ctrl+C','proctoring/145/6/2026-04-20_164433_69e5f5817a3ac.jpeg',NULL,NULL,NULL,'medium',0,NULL,NULL,NULL,'2026-04-20 09:44:33','2026-04-20 09:44:33'),(104,170,6,'keyboard_shortcut','Blocked Ctrl+C','proctoring/145/6/2026-04-20_164433_69e5f581b2fef.jpeg',NULL,NULL,NULL,'medium',0,NULL,NULL,NULL,'2026-04-20 09:44:33','2026-04-20 09:44:33'),(105,240,6,'keyboard_shortcut','Blocked Ctrl+C','proctoring/145/6/2026-04-20_184250_69e6113ab23e6.jpeg',NULL,NULL,NULL,'medium',0,NULL,NULL,NULL,'2026-04-20 11:42:50','2026-04-20 11:42:50'),(106,240,6,'keyboard_shortcut','Blocked Ctrl+C','proctoring/145/6/2026-04-20_184252_69e6113c12ba2.jpeg',NULL,NULL,NULL,'medium',0,NULL,NULL,NULL,'2026-04-20 11:42:52','2026-04-20 11:42:52'),(107,240,6,'keyboard_shortcut','Blocked Ctrl+C','proctoring/145/6/2026-04-20_184252_69e6113c50036.jpeg',NULL,NULL,NULL,'medium',0,NULL,NULL,NULL,'2026-04-20 11:42:52','2026-04-20 11:42:52'),(108,240,6,'keyboard_shortcut','Blocked Ctrl+C','proctoring/145/6/2026-04-20_184252_69e6113c8c725.jpeg',NULL,NULL,NULL,'medium',0,NULL,NULL,NULL,'2026-04-20 11:42:52','2026-04-20 11:42:52'),(109,240,6,'keyboard_shortcut','Blocked Ctrl+C','proctoring/145/6/2026-04-20_184252_69e6113cc9f27.jpeg',NULL,NULL,NULL,'medium',0,NULL,NULL,NULL,'2026-04-20 11:42:52','2026-04-20 11:42:52'),(110,240,6,'keyboard_shortcut','Blocked Ctrl+C','proctoring/145/6/2026-04-20_184253_69e6113d21aa8.jpeg',NULL,NULL,NULL,'medium',0,NULL,NULL,NULL,'2026-04-20 11:42:53','2026-04-20 11:42:53'),(111,240,6,'keyboard_shortcut','Blocked Ctrl+C','proctoring/145/6/2026-04-20_184253_69e6113d6cbd0.jpeg',NULL,NULL,NULL,'medium',0,NULL,NULL,NULL,'2026-04-20 11:42:53','2026-04-20 11:42:53'),(112,240,6,'keyboard_shortcut','Blocked Ctrl+C','proctoring/145/6/2026-04-20_184253_69e6113dd8658.jpeg',NULL,NULL,NULL,'medium',0,NULL,NULL,NULL,'2026-04-20 11:42:53','2026-04-20 11:42:53'),(113,240,6,'keyboard_shortcut','Blocked Ctrl+C','proctoring/145/6/2026-04-20_184254_69e6113e71219.jpeg',NULL,NULL,NULL,'medium',0,NULL,NULL,NULL,'2026-04-20 11:42:54','2026-04-20 11:42:54'),(114,253,6,'keyboard_shortcut','Blocked Ctrl+C','proctoring/145/6/2026-04-20_184716_69e61244bb82e.jpeg',NULL,NULL,NULL,'medium',0,NULL,NULL,NULL,'2026-04-20 11:47:16','2026-04-20 11:47:16'),(115,253,6,'keyboard_shortcut','Blocked Ctrl+C','proctoring/145/6/2026-04-20_184716_69e61244f28a9.jpeg',NULL,NULL,NULL,'medium',0,NULL,NULL,NULL,'2026-04-20 11:47:17','2026-04-20 11:47:17'),(116,253,6,'keyboard_shortcut','Blocked Ctrl+C','proctoring/145/6/2026-04-20_184717_69e6124539274.jpeg',NULL,NULL,NULL,'medium',0,NULL,NULL,NULL,'2026-04-20 11:47:17','2026-04-20 11:47:17'),(117,253,6,'keyboard_shortcut','Blocked Ctrl+C','proctoring/145/6/2026-04-20_184717_69e6124571f90.jpeg',NULL,NULL,NULL,'medium',0,NULL,NULL,NULL,'2026-04-20 11:47:17','2026-04-20 11:47:17'),(118,253,6,'keyboard_shortcut','Blocked Ctrl+C','proctoring/145/6/2026-04-20_184721_69e6124931f4b.jpeg',NULL,NULL,NULL,'medium',0,NULL,NULL,NULL,'2026-04-20 11:47:21','2026-04-20 11:47:21'),(119,253,6,'keyboard_shortcut','Blocked Ctrl+C','proctoring/145/6/2026-04-20_184722_69e6124a43c6a.jpeg',NULL,NULL,NULL,'medium',0,NULL,NULL,NULL,'2026-04-20 11:47:22','2026-04-20 11:47:22'),(120,253,6,'keyboard_shortcut','Blocked Ctrl+C','proctoring/145/6/2026-04-20_184723_69e6124b9f9ea.jpeg',NULL,NULL,NULL,'medium',0,NULL,NULL,NULL,'2026-04-20 11:47:23','2026-04-20 11:47:23'),(121,278,6,'keyboard_shortcut','Blocked Ctrl+C',NULL,NULL,NULL,NULL,'medium',0,NULL,NULL,NULL,'2026-04-20 11:56:01','2026-04-20 11:56:01'),(122,278,6,'keyboard_shortcut','Blocked Ctrl+C',NULL,NULL,NULL,NULL,'medium',0,NULL,NULL,NULL,'2026-04-20 11:56:03','2026-04-20 11:56:03'),(123,278,6,'keyboard_shortcut','Blocked Ctrl+C',NULL,NULL,NULL,NULL,'medium',0,NULL,NULL,NULL,'2026-04-20 11:56:03','2026-04-20 11:56:03'),(124,278,6,'keyboard_shortcut','Blocked Ctrl+C',NULL,NULL,NULL,NULL,'medium',0,NULL,NULL,NULL,'2026-04-20 11:56:04','2026-04-20 11:56:04'),(125,278,6,'keyboard_shortcut','Blocked Ctrl+C',NULL,NULL,NULL,NULL,'medium',0,NULL,NULL,NULL,'2026-04-20 11:56:04','2026-04-20 11:56:04'),(126,278,6,'keyboard_shortcut','Blocked Ctrl+C',NULL,NULL,NULL,NULL,'medium',0,NULL,NULL,NULL,'2026-04-20 11:56:04','2026-04-20 11:56:04'),(127,278,6,'keyboard_shortcut','Blocked Ctrl+C',NULL,NULL,NULL,NULL,'medium',0,NULL,NULL,NULL,'2026-04-20 11:56:04','2026-04-20 11:56:04'),(128,278,6,'keyboard_shortcut','Blocked Ctrl+C',NULL,NULL,NULL,NULL,'medium',0,NULL,NULL,NULL,'2026-04-20 11:56:05','2026-04-20 11:56:05'),(129,278,6,'keyboard_shortcut','Blocked Ctrl+C',NULL,NULL,NULL,NULL,'medium',0,NULL,NULL,NULL,'2026-04-20 11:56:05','2026-04-20 11:56:05'),(130,278,6,'keyboard_shortcut','Blocked Ctrl+C',NULL,NULL,NULL,NULL,'medium',0,NULL,NULL,NULL,'2026-04-20 11:56:05','2026-04-20 11:56:05'),(131,278,6,'keyboard_shortcut','Blocked Ctrl+C',NULL,NULL,NULL,NULL,'medium',0,NULL,NULL,NULL,'2026-04-20 11:56:05','2026-04-20 11:56:05'),(132,278,6,'keyboard_shortcut','Blocked Ctrl+C',NULL,NULL,NULL,NULL,'medium',0,NULL,NULL,NULL,'2026-04-20 11:56:05','2026-04-20 11:56:05'),(133,278,6,'keyboard_shortcut','Blocked Ctrl+C',NULL,NULL,NULL,NULL,'medium',0,NULL,NULL,NULL,'2026-04-20 11:56:06','2026-04-20 11:56:06'),(134,278,6,'keyboard_shortcut','Blocked Ctrl+C',NULL,NULL,NULL,NULL,'medium',0,NULL,NULL,NULL,'2026-04-20 11:56:08','2026-04-20 11:56:08'),(135,278,6,'keyboard_shortcut','Blocked Ctrl+C',NULL,NULL,NULL,NULL,'medium',0,NULL,NULL,NULL,'2026-04-20 11:56:09','2026-04-20 11:56:09'),(136,278,6,'keyboard_shortcut','Blocked Ctrl+C',NULL,NULL,NULL,NULL,'medium',0,NULL,NULL,NULL,'2026-04-20 11:56:11','2026-04-20 11:56:11'),(137,278,6,'keyboard_shortcut','Blocked Ctrl+C',NULL,NULL,NULL,NULL,'medium',0,NULL,NULL,NULL,'2026-04-20 11:56:11','2026-04-20 11:56:11'),(138,278,6,'keyboard_shortcut','Blocked Ctrl+C',NULL,NULL,NULL,NULL,'medium',0,NULL,NULL,NULL,'2026-04-20 11:56:13','2026-04-20 11:56:13'),(139,278,6,'keyboard_shortcut','Blocked Ctrl+C',NULL,NULL,NULL,NULL,'medium',0,NULL,NULL,NULL,'2026-04-20 11:56:13','2026-04-20 11:56:13'),(140,278,6,'keyboard_shortcut','Blocked Ctrl+C',NULL,NULL,NULL,NULL,'medium',0,NULL,NULL,NULL,'2026-04-20 11:56:15','2026-04-20 11:56:15'),(141,322,6,'window_blur','Window lost focus',NULL,NULL,NULL,NULL,'medium',0,NULL,NULL,NULL,'2026-04-20 12:33:40','2026-04-20 12:33:40'),(142,322,6,'tab_switch','Window lost focus (periodic check)',NULL,NULL,NULL,NULL,'high',0,NULL,NULL,NULL,'2026-04-20 12:33:44','2026-04-20 12:33:44'),(143,322,6,'tab_switch','Window lost focus (periodic check)',NULL,NULL,NULL,NULL,'high',0,NULL,NULL,NULL,'2026-04-20 12:33:47','2026-04-20 12:33:47'),(144,322,6,'tab_switch','Window lost focus (periodic check)',NULL,NULL,NULL,NULL,'high',0,NULL,NULL,NULL,'2026-04-20 12:33:51','2026-04-20 12:33:51'),(145,322,6,'keyboard_shortcut','Blocked Ctrl+C',NULL,NULL,NULL,NULL,'medium',0,NULL,NULL,NULL,'2026-04-20 12:33:57','2026-04-20 12:33:57'),(146,322,6,'keyboard_shortcut','Blocked Ctrl+V',NULL,NULL,NULL,NULL,'medium',0,NULL,NULL,NULL,'2026-04-20 12:33:58','2026-04-20 12:33:58'),(147,322,6,'keyboard_shortcut','Blocked Ctrl+A',NULL,NULL,NULL,NULL,'medium',0,NULL,NULL,NULL,'2026-04-20 12:33:59','2026-04-20 12:33:59'),(148,322,6,'keyboard_shortcut','Blocked Ctrl+A',NULL,NULL,NULL,NULL,'medium',0,NULL,NULL,NULL,'2026-04-20 12:34:00','2026-04-20 12:34:00'),(149,322,6,'keyboard_shortcut','Blocked Ctrl+A',NULL,NULL,NULL,NULL,'medium',0,NULL,NULL,NULL,'2026-04-20 12:34:01','2026-04-20 12:34:01'),(150,322,6,'keyboard_shortcut','Blocked Ctrl+A',NULL,NULL,NULL,NULL,'medium',0,NULL,NULL,NULL,'2026-04-20 12:34:01','2026-04-20 12:34:01'),(151,322,6,'keyboard_shortcut','Blocked Ctrl+A',NULL,NULL,NULL,NULL,'medium',0,NULL,NULL,NULL,'2026-04-20 12:34:03','2026-04-20 12:34:03'),(152,322,6,'keyboard_shortcut','Blocked Ctrl+A',NULL,NULL,NULL,NULL,'medium',0,NULL,NULL,NULL,'2026-04-20 12:34:04','2026-04-20 12:34:04'),(153,322,6,'keyboard_shortcut','Blocked Ctrl+A',NULL,NULL,NULL,NULL,'medium',0,NULL,NULL,NULL,'2026-04-20 12:34:05','2026-04-20 12:34:05'),(154,322,6,'keyboard_shortcut','Blocked Ctrl+A',NULL,NULL,NULL,NULL,'medium',0,NULL,NULL,NULL,'2026-04-20 12:34:05','2026-04-20 12:34:05'),(155,322,6,'keyboard_shortcut','Blocked Ctrl+A',NULL,NULL,NULL,NULL,'medium',0,NULL,NULL,NULL,'2026-04-20 12:34:05','2026-04-20 12:34:05'),(156,322,6,'keyboard_shortcut','Blocked Ctrl+A',NULL,NULL,NULL,NULL,'medium',0,NULL,NULL,NULL,'2026-04-20 12:34:06','2026-04-20 12:34:06'),(157,322,6,'keyboard_shortcut','Blocked Ctrl+A',NULL,NULL,NULL,NULL,'medium',0,NULL,NULL,NULL,'2026-04-20 12:34:06','2026-04-20 12:34:06'),(158,322,6,'keyboard_shortcut','Blocked Ctrl+A',NULL,NULL,NULL,NULL,'medium',0,NULL,NULL,NULL,'2026-04-20 12:34:07','2026-04-20 12:34:07'),(159,322,6,'keyboard_shortcut','Blocked Ctrl+A',NULL,NULL,NULL,NULL,'medium',0,NULL,NULL,NULL,'2026-04-20 12:34:08','2026-04-20 12:34:08'),(160,322,6,'keyboard_shortcut','Blocked Ctrl+A',NULL,NULL,NULL,NULL,'medium',0,NULL,NULL,NULL,'2026-04-20 12:34:08','2026-04-20 12:34:08'),(183,479,6,'multiple_faces','2 faces detected',NULL,NULL,NULL,NULL,'high',0,NULL,NULL,NULL,'2026-05-11 04:30:30','2026-05-11 04:30:30'),(184,479,6,'window_blur','Window lost focus',NULL,NULL,NULL,NULL,'medium',0,NULL,NULL,NULL,'2026-05-11 04:30:45','2026-05-11 04:30:45'),(185,479,6,'multiple_faces','2 faces detected',NULL,NULL,NULL,NULL,'high',0,NULL,NULL,NULL,'2026-05-11 04:39:17','2026-05-11 04:39:17'),(186,480,6,'keyboard_shortcut','Blocked Ctrl+C',NULL,NULL,NULL,NULL,'medium',0,NULL,NULL,NULL,'2026-05-13 05:29:34','2026-05-13 05:29:34'),(187,480,6,'keyboard_shortcut','Blocked Ctrl+C',NULL,NULL,NULL,NULL,'medium',0,NULL,NULL,NULL,'2026-05-13 05:29:37','2026-05-13 05:29:37'),(188,480,6,'keyboard_shortcut','Blocked Ctrl+C',NULL,NULL,NULL,NULL,'medium',0,NULL,NULL,NULL,'2026-05-13 05:29:40','2026-05-13 05:29:40'),(189,480,6,'keyboard_shortcut','Blocked Ctrl+C',NULL,NULL,NULL,NULL,'medium',0,NULL,NULL,NULL,'2026-05-13 05:29:40','2026-05-13 05:29:40'),(190,480,6,'keyboard_shortcut','Blocked Ctrl+C',NULL,NULL,NULL,NULL,'medium',0,NULL,NULL,NULL,'2026-05-13 05:29:45','2026-05-13 05:29:45'),(191,481,6,'window_blur','Window lost focus',NULL,NULL,NULL,NULL,'medium',0,NULL,NULL,NULL,'2026-05-13 05:30:46','2026-05-13 05:30:46'),(192,481,6,'tab_switch','Window lost focus (periodic check)',NULL,NULL,NULL,NULL,'high',0,NULL,NULL,NULL,'2026-05-13 05:30:50','2026-05-13 05:30:50'),(193,481,6,'tab_switch','Window lost focus (periodic check)',NULL,NULL,NULL,NULL,'high',0,NULL,NULL,NULL,'2026-05-13 05:30:54','2026-05-13 05:30:54'),(194,481,6,'tab_switch','Window lost focus (periodic check)',NULL,NULL,NULL,NULL,'high',0,NULL,NULL,NULL,'2026-05-13 05:30:58','2026-05-13 05:30:58'),(195,481,6,'tab_switch','Window lost focus (periodic check)',NULL,NULL,NULL,NULL,'high',0,NULL,NULL,NULL,'2026-05-13 05:31:02','2026-05-13 05:31:02'),(196,482,6,'keyboard_shortcut','Blocked Ctrl+C',NULL,NULL,NULL,NULL,'medium',0,NULL,NULL,NULL,'2026-05-13 09:00:43','2026-05-13 09:00:43'),(197,482,6,'keyboard_shortcut','Blocked Ctrl+X',NULL,NULL,NULL,NULL,'medium',0,NULL,NULL,NULL,'2026-05-13 09:00:47','2026-05-13 09:00:47'),(198,482,6,'keyboard_shortcut','Blocked Ctrl+A',NULL,NULL,NULL,NULL,'medium',0,NULL,NULL,NULL,'2026-05-13 09:00:50','2026-05-13 09:00:50'),(199,483,6,'keyboard_shortcut','Blocked F4',NULL,NULL,NULL,NULL,'medium',0,NULL,NULL,NULL,'2026-06-12 23:07:35','2026-06-12 23:07:35'),(200,483,6,'fullscreen_exit','User exited fullscreen mode',NULL,NULL,NULL,NULL,'medium',0,NULL,NULL,NULL,'2026-06-12 23:08:01','2026-06-12 23:08:01'),(201,484,6,'window_blur','Window lost focus','proctoring/43/6/2026-06-13_180746_5dd19f1c0879ab76.jpg',NULL,NULL,NULL,'medium',0,NULL,NULL,NULL,'2026-06-13 11:07:46','2026-06-13 11:07:46'),(202,484,6,'fullscreen_exit','User exited fullscreen mode','proctoring/43/6/2026-06-13_180800_c427e7a39911e16e.jpg',NULL,NULL,NULL,'medium',0,NULL,NULL,NULL,'2026-06-13 11:08:00','2026-06-13 11:08:00'),(203,484,6,'window_blur','Window lost focus','proctoring/43/6/2026-06-13_180807_a640a999bf4ec97a.jpg',NULL,NULL,NULL,'medium',0,NULL,NULL,NULL,'2026-06-13 11:08:07','2026-06-13 11:08:07'),(204,484,6,'window_blur','Window lost focus','proctoring/43/6/2026-06-13_180818_ca35788d11f1a183.jpg',NULL,NULL,NULL,'medium',0,NULL,NULL,NULL,'2026-06-13 11:08:18','2026-06-13 11:08:18'),(205,484,6,'window_blur','Window lost focus','proctoring/43/6/2026-06-13_180833_891abb99650c4d42.jpg',NULL,NULL,NULL,'medium',0,NULL,NULL,NULL,'2026-06-13 11:08:33','2026-06-13 11:08:33');
/*!40000 ALTER TABLE `proctoring_logs` ENABLE KEYS */;
UNLOCK TABLES;

--
-- Table structure for table `question_options`
--

DROP TABLE IF EXISTS `question_options`;
/*!40101 SET @saved_cs_client     = @@character_set_client */;
/*!40101 SET character_set_client = utf8 */;
CREATE TABLE `question_options` (
  `id` bigint(20) unsigned NOT NULL AUTO_INCREMENT,
  `question_id` bigint(20) unsigned NOT NULL,
  `option_label` varchar(255) NOT NULL,
  `option_text` text NOT NULL,
  `option_image` text DEFAULT NULL,
  `is_correct` tinyint(1) NOT NULL DEFAULT 0,
  `order` int(11) NOT NULL DEFAULT 0,
  `created_at` timestamp NULL DEFAULT NULL,
  `updated_at` timestamp NULL DEFAULT NULL,
  PRIMARY KEY (`id`),
  KEY `question_options_question_id_index` (`question_id`),
  KEY `question_options_is_correct_index` (`is_correct`),
  CONSTRAINT `question_options_question_id_foreign` FOREIGN KEY (`question_id`) REFERENCES `questions` (`id`) ON DELETE CASCADE
) ENGINE=InnoDB AUTO_INCREMENT=6121 DEFAULT CHARSET=utf8mb4 COLLATE=utf8mb4_unicode_ci;
/*!40101 SET character_set_client = @saved_cs_client */;

--
-- Dumping data for table `question_options`
--

LOCK TABLES `question_options` WRITE;
/*!40000 ALTER TABLE `question_options` DISABLE KEYS */;
INSERT INTO `question_options` VALUES (1,1,'A','Jakarta',NULL,1,0,'2026-01-29 12:33:53','2026-01-29 12:33:53'),(2,1,'B','Bandung',NULL,0,1,'2026-01-29 12:33:53','2026-01-29 12:33:53'),(3,1,'C','Surabaya',NULL,0,2,'2026-01-29 12:33:53','2026-01-29 12:33:53'),(4,1,'D','Medan',NULL,0,3,'2026-01-29 12:33:53','2026-01-29 12:33:53'),(5,2,'A','3',NULL,0,0,'2026-01-29 12:33:53','2026-01-29 12:33:53'),(6,2,'B','4',NULL,1,1,'2026-01-29 12:33:53','2026-01-29 12:33:53'),(7,2,'C','5',NULL,0,2,'2026-01-29 12:33:53','2026-01-29 12:33:53'),(8,2,'D','6',NULL,0,3,'2026-01-29 12:33:53','2026-01-29 12:33:53'),(9,4,'A','Jakarta',NULL,1,0,'2026-01-29 14:06:32','2026-01-29 14:06:32'),(10,4,'B','Bandung',NULL,0,1,'2026-01-29 14:06:32','2026-01-29 14:06:32'),(11,4,'C','Surabaya',NULL,0,2,'2026-01-29 14:06:32','2026-01-29 14:06:32'),(12,4,'D','Medan',NULL,0,3,'2026-01-29 14:06:32','2026-01-29 14:06:32'),(13,5,'A','3',NULL,0,0,'2026-01-29 14:06:32','2026-01-29 14:06:32'),(14,5,'B','4',NULL,1,1,'2026-01-29 14:06:32','2026-01-29 14:06:32'),(15,5,'C','5',NULL,0,2,'2026-01-29 14:06:32','2026-01-29 14:06:32'),(16,5,'D','6',NULL,0,3,'2026-01-29 14:06:32','2026-01-29 14:06:32'),(33,13,'A','Jakarta',NULL,1,0,'2026-01-29 16:03:49','2026-01-29 16:03:49'),(34,13,'B','Bandung',NULL,0,1,'2026-01-29 16:03:49','2026-01-29 16:03:49'),(35,13,'C','Surabaya',NULL,0,2,'2026-01-29 16:03:49','2026-01-29 16:03:49'),(36,13,'D','Medan',NULL,0,3,'2026-01-29 16:03:49','2026-01-29 16:03:49'),(37,14,'A','3',NULL,0,0,'2026-01-29 16:03:49','2026-01-29 16:03:49'),(38,14,'B','4',NULL,1,1,'2026-01-29 16:03:49','2026-01-29 16:03:49'),(39,14,'C','5',NULL,0,2,'2026-01-29 16:03:49','2026-01-29 16:03:49'),(40,14,'D','6',NULL,0,3,'2026-01-29 16:03:49','2026-01-29 16:03:49'),(41,16,'A','Jakarta',NULL,1,0,'2026-01-29 16:30:48','2026-01-29 16:30:48'),(42,16,'B','Bandung',NULL,0,1,'2026-01-29 16:30:48','2026-01-29 16:30:48'),(43,16,'C','Surabaya',NULL,0,2,'2026-01-29 16:30:48','2026-01-29 16:30:48'),(44,16,'D','Medan',NULL,0,3,'2026-01-29 16:30:48','2026-01-29 16:30:48'),(45,17,'A','3',NULL,0,0,'2026-01-29 16:30:48','2026-01-29 16:30:48'),(46,17,'B','4',NULL,1,1,'2026-01-29 16:30:48','2026-01-29 16:30:48'),(47,17,'C','5',NULL,0,2,'2026-01-29 16:30:48','2026-01-29 16:30:48'),(48,17,'D','6',NULL,0,3,'2026-01-29 16:30:48','2026-01-29 16:30:48'),(733,195,'A','Jakarta',NULL,1,0,'2026-04-12 04:45:07','2026-04-12 04:45:07'),(734,195,'B','Bandung',NULL,0,1,'2026-04-12 04:45:07','2026-04-12 04:45:07'),(735,195,'C','Surabaya',NULL,0,2,'2026-04-12 04:45:07','2026-04-12 04:45:07'),(736,195,'D','Medan',NULL,0,3,'2026-04-12 04:45:07','2026-04-12 04:45:07'),(737,196,'A','3',NULL,0,0,'2026-04-12 04:45:07','2026-04-12 04:45:07'),(738,196,'B','4',NULL,1,1,'2026-04-12 04:45:07','2026-04-12 04:45:07'),(739,196,'C','5',NULL,0,2,'2026-04-12 04:45:07','2026-04-12 04:45:07'),(740,196,'D','6',NULL,0,3,'2026-04-12 04:45:07','2026-04-12 04:45:07'),(2517,322,'A','asdasd',NULL,1,0,'2026-04-20 08:08:38','2026-04-20 08:08:38'),(2518,322,'B','ffdf',NULL,0,1,'2026-04-20 08:08:38','2026-04-20 08:08:38'),(2519,322,'C','dfdf',NULL,0,2,'2026-04-20 08:08:38','2026-04-20 08:08:38'),(2520,322,'D','dfdfd',NULL,0,3,'2026-04-20 08:08:38','2026-04-20 08:08:38'),(2705,691,'A','Jakarta',NULL,1,0,'2026-04-20 09:29:18','2026-04-20 09:29:18'),(2706,691,'B','Bandung',NULL,0,1,'2026-04-20 09:29:18','2026-04-20 09:29:18'),(2707,691,'C','Surabaya',NULL,0,2,'2026-04-20 09:29:18','2026-04-20 09:29:18'),(2708,691,'D','Medan',NULL,0,3,'2026-04-20 09:29:18','2026-04-20 09:29:18'),(2709,692,'A','3',NULL,0,0,'2026-04-20 09:29:18','2026-04-20 09:29:18'),(2710,692,'B','4',NULL,1,1,'2026-04-20 09:29:18','2026-04-20 09:29:18'),(2711,692,'C','5',NULL,0,2,'2026-04-20 09:29:18','2026-04-20 09:29:18'),(2712,692,'D','6',NULL,0,3,'2026-04-20 09:29:18','2026-04-20 09:29:18'),(6113,1722,'A','Jakarta',NULL,1,0,'2026-05-11 04:22:11','2026-05-11 04:22:11'),(6114,1722,'B','Bandung',NULL,0,1,'2026-05-11 04:22:11','2026-05-11 04:22:11'),(6115,1722,'C','Surabaya',NULL,0,2,'2026-05-11 04:22:11','2026-05-11 04:22:11'),(6116,1722,'D','Medan',NULL,0,3,'2026-05-11 04:22:11','2026-05-11 04:22:11'),(6117,1723,'A','3',NULL,0,0,'2026-05-11 04:22:11','2026-05-11 04:22:11'),(6118,1723,'B','4',NULL,1,1,'2026-05-11 04:22:11','2026-05-11 04:22:11'),(6119,1723,'C','5',NULL,0,2,'2026-05-11 04:22:11','2026-05-11 04:22:11'),(6120,1723,'D','6',NULL,0,3,'2026-05-11 04:22:11','2026-05-11 04:22:11');
/*!40000 ALTER TABLE `question_options` ENABLE KEYS */;
UNLOCK TABLES;

--
-- Table structure for table `questions`
--

DROP TABLE IF EXISTS `questions`;
/*!40101 SET @saved_cs_client     = @@character_set_client */;
/*!40101 SET character_set_client = utf8 */;
CREATE TABLE `questions` (
  `id` bigint(20) unsigned NOT NULL AUTO_INCREMENT,
  `exam_id` bigint(20) unsigned NOT NULL,
  `type` enum('multiple_choice','essay') NOT NULL,
  `question` text NOT NULL,
  `question_image` text DEFAULT NULL,
  `points` int(11) NOT NULL DEFAULT 1,
  `order` int(11) NOT NULL DEFAULT 0,
  `explanation` text DEFAULT NULL,
  `created_at` timestamp NULL DEFAULT NULL,
  `updated_at` timestamp NULL DEFAULT NULL,
  `deleted_at` timestamp NULL DEFAULT NULL,
  PRIMARY KEY (`id`),
  KEY `questions_exam_id_index` (`exam_id`),
  KEY `questions_type_index` (`type`),
  CONSTRAINT `questions_exam_id_foreign` FOREIGN KEY (`exam_id`) REFERENCES `exams` (`id`) ON DELETE CASCADE
) ENGINE=InnoDB AUTO_INCREMENT=1725 DEFAULT CHARSET=utf8mb4 COLLATE=utf8mb4_unicode_ci;
/*!40101 SET character_set_client = @saved_cs_client */;

--
-- Dumping data for table `questions`
--

LOCK TABLES `questions` WRITE;
/*!40000 ALTER TABLE `questions` DISABLE KEYS */;
INSERT INTO `questions` VALUES (1,1,'multiple_choice','Apa ibukota Indonesia?',NULL,10,1,'Jakarta adalah ibukota Indonesia sejak tahun 1945','2026-01-29 12:33:53','2026-01-29 12:33:53',NULL),(2,1,'multiple_choice','Berapa hasil dari 2 + 2?',NULL,5,3,NULL,'2026-01-29 12:33:53','2026-01-29 12:33:53',NULL),(3,1,'essay','Jelaskan pengertian Pancasila!',NULL,20,6,'Pancasila adalah dasar negara Indonesia yang terdiri dari lima sila','2026-01-29 12:33:53','2026-01-29 12:33:53',NULL),(4,2,'multiple_choice','Apa ibukota Indonesia?',NULL,10,1,'Jakarta adalah ibukota Indonesia sejak tahun 1945','2026-01-29 14:06:32','2026-01-29 14:06:32',NULL),(5,2,'multiple_choice','Berapa hasil dari 2 + 2?',NULL,5,3,NULL,'2026-01-29 14:06:32','2026-01-29 14:06:32',NULL),(6,2,'essay','Jelaskan pengertian Pancasila!',NULL,20,6,'Pancasila adalah dasar negara Indonesia yang terdiri dari lima sila','2026-01-29 14:06:32','2026-01-29 14:06:32',NULL),(13,3,'multiple_choice','Apa ibukota Indonesia?',NULL,10,1,'Jakarta adalah ibukota Indonesia sejak tahun 1945','2026-01-29 16:03:49','2026-01-29 16:03:49',NULL),(14,3,'multiple_choice','Berapa hasil dari 2 + 2?',NULL,5,3,NULL,'2026-01-29 16:03:49','2026-01-29 16:03:49',NULL),(15,3,'essay','Jelaskan pengertian Pancasila!',NULL,20,6,'Pancasila adalah dasar negara Indonesia yang terdiri dari lima sila','2026-01-29 16:03:49','2026-01-29 16:03:49',NULL),(16,4,'multiple_choice','Apa ibukota Indonesia?',NULL,10,1,'Jakarta adalah ibukota Indonesia sejak tahun 1945','2026-01-29 16:30:48','2026-01-29 16:30:48',NULL),(17,4,'multiple_choice','Berapa hasil dari 2 + 2?',NULL,5,3,NULL,'2026-01-29 16:30:48','2026-01-29 16:30:48',NULL),(18,4,'essay','Jelaskan pengertian Pancasila!',NULL,20,6,'Pancasila adalah dasar negara Indonesia yang terdiri dari lima sila','2026-01-29 16:30:48','2026-01-29 16:30:48',NULL),(19,5,'multiple_choice','Apa ibukota Indonesia?',NULL,10,1,'Jakarta adalah ibukota Indonesia sejak tahun 1945','2026-01-29 16:38:31','2026-04-12 04:43:47','2026-04-12 04:43:47'),(20,5,'multiple_choice','Berapa hasil dari 2 + 2?',NULL,5,3,NULL,'2026-01-29 16:38:31','2026-04-12 04:43:47','2026-04-12 04:43:47'),(21,5,'essay','Jelaskan pengertian Pancasila!',NULL,20,6,'Pancasila adalah dasar negara Indonesia yang terdiri dari lima sila','2026-01-29 16:38:31','2026-04-12 04:43:47','2026-04-12 04:43:47'),(23,7,'multiple_choice','Apa ibukota Indonesia?',NULL,10,1,'Jakarta adalah ibukota Indonesia sejak tahun 1945','2026-02-25 04:25:34','2026-04-12 04:43:44','2026-04-12 04:43:44'),(24,7,'multiple_choice','Berapa hasil dari 2 + 2?',NULL,5,3,NULL,'2026-02-25 04:25:34','2026-04-12 04:43:44','2026-04-12 04:43:44'),(25,7,'essay','Jelaskan pengertian Pancasila!',NULL,20,6,'Pancasila adalah dasar negara Indonesia yang terdiri dari lima sila','2026-02-25 04:25:34','2026-04-12 04:43:44','2026-04-12 04:43:44'),(26,8,'multiple_choice','Apa ibukota Indonesia?',NULL,10,1,'Jakarta adalah ibukota Indonesia sejak tahun 1945','2026-02-26 02:19:55','2026-04-12 04:43:42','2026-04-12 04:43:42'),(27,8,'multiple_choice','Berapa hasil dari 2 + 2?',NULL,5,3,NULL,'2026-02-26 02:19:55','2026-04-12 04:43:42','2026-04-12 04:43:42'),(28,8,'essay','Jelaskan pengertian Pancasila!',NULL,20,6,'Pancasila adalah dasar negara Indonesia yang terdiri dari lima sila','2026-02-26 02:19:55','2026-04-12 04:43:42','2026-04-12 04:43:42'),(72,18,'multiple_choice','Apa ibukota Indonesia?',NULL,10,1,'Jakarta adalah ibukota Indonesia sejak tahun 1945','2026-04-02 00:27:31','2026-04-12 04:43:38','2026-04-12 04:43:38'),(73,18,'multiple_choice','Berapa hasil dari 2 + 2?',NULL,5,3,NULL,'2026-04-02 00:27:31','2026-04-12 04:43:38','2026-04-12 04:43:38'),(74,18,'essay','Jelaskan pengertian Pancasila!',NULL,20,6,'Pancasila adalah dasar negara Indonesia yang terdiri dari lima sila','2026-04-02 00:27:31','2026-04-12 04:43:38','2026-04-12 04:43:38'),(195,43,'multiple_choice','Apa ibukota Indonesia?',NULL,10,1,'Jakarta adalah ibukota Indonesia sejak tahun 1945','2026-04-12 04:45:07','2026-04-12 04:45:07',NULL),(196,43,'multiple_choice','Berapa hasil dari 2 + 2?',NULL,5,3,NULL,'2026-04-12 04:45:07','2026-04-12 04:45:07',NULL),(197,43,'essay','Jelaskan pengertian Pancasila!',NULL,20,6,'Pancasila adalah dasar negara Indonesia yang terdiri dari lima sila','2026-04-12 04:45:07','2026-04-12 04:45:07',NULL),(318,68,'multiple_choice','Apa ibukota Indonesia?',NULL,10,1,'Jakarta adalah ibukota Indonesia sejak tahun 1945','2026-04-20 02:15:28','2026-04-20 08:50:36','2026-04-20 08:50:36'),(319,68,'multiple_choice','Berapa hasil dari 2 + 2?',NULL,5,2,NULL,'2026-04-20 02:15:28','2026-04-20 08:50:36','2026-04-20 08:50:36'),(320,68,'essay','Jelaskan pengertian Pancasila!',NULL,20,3,'Pancasila adalah dasar negara Indonesia yang terdiri dari lima sila','2026-04-20 02:15:28','2026-04-20 08:50:36','2026-04-20 08:50:36'),(321,68,'essay','haloashdahsduahsudhasuhdua',NULL,15,7,NULL,'2026-04-20 02:16:07','2026-04-20 08:08:57','2026-04-20 08:08:57'),(322,68,'multiple_choice','ajsidjasidjasidjasij',NULL,10,4,NULL,'2026-04-20 02:16:28','2026-04-20 08:08:59','2026-04-20 08:08:59'),(643,68,'multiple_choice','asdasdasdasdasd',NULL,10,4,NULL,'2026-04-20 08:09:25','2026-04-20 08:50:36','2026-04-20 08:50:36'),(644,134,'multiple_choice','asdfghjkl;qwe',NULL,10,1,NULL,'2026-04-20 08:51:45','2026-04-20 09:04:46','2026-04-20 09:04:46'),(645,134,'essay','asdfghjklqwetty',NULL,10,2,NULL,'2026-04-20 08:52:07','2026-04-20 09:04:46','2026-04-20 09:04:46'),(646,135,'multiple_choice','Apa ibukota Indonesia?',NULL,10,1,'Jakarta adalah ibukota Indonesia sejak tahun 1945','2026-04-20 09:05:29','2026-04-20 09:28:40','2026-04-20 09:28:40'),(647,135,'multiple_choice','Berapa hasil dari 2 + 2?',NULL,5,3,NULL,'2026-04-20 09:05:29','2026-04-20 09:28:40','2026-04-20 09:28:40'),(648,135,'essay','Jelaskan pengertian Pancasila!',NULL,20,6,'Pancasila adalah dasar negara Indonesia yang terdiri dari lima sila','2026-04-20 09:05:30','2026-04-20 09:28:40','2026-04-20 09:28:40'),(649,135,'essay','asdasdasdasdas','questions/JphRM6NAiZUwph7s05l5VtSo52wQUhpOHZOBFO9z.png',10,7,NULL,'2026-04-20 09:05:52','2026-04-20 09:28:40','2026-04-20 09:28:40'),(650,135,'multiple_choice','JVMDHUYLsdjanskdjnasjkdn','questions/Y3vgD9HWomQ2iXv80B9goaaGXLMWdA1vsBtRRHeR.png',10,8,NULL,'2026-04-20 09:06:21','2026-04-20 09:28:40','2026-04-20 09:28:40'),(691,145,'multiple_choice','Apa ibukota Indonesia?',NULL,10,1,'Jakarta adalah ibukota Indonesia sejak tahun 1945','2026-04-20 09:29:18','2026-04-20 09:29:18',NULL),(692,145,'multiple_choice','Berapa hasil dari 2 + 2?',NULL,5,3,NULL,'2026-04-20 09:29:18','2026-04-20 09:29:18',NULL),(693,145,'essay','Jelaskan pengertian Pancasila!',NULL,20,6,'Pancasila adalah dasar negara Indonesia yang terdiri dari lima sila','2026-04-20 09:29:18','2026-04-20 09:29:18',NULL),(1722,540,'multiple_choice','Apa ibukota Indonesia?',NULL,10,1,'Jakarta adalah ibukota Indonesia sejak tahun 1945','2026-05-11 04:22:11','2026-05-11 04:22:11',NULL),(1723,540,'multiple_choice','Berapa hasil dari 2 + 2?',NULL,5,3,NULL,'2026-05-11 04:22:11','2026-05-11 04:22:11',NULL),(1724,540,'essay','Jelaskan pengertian Pancasila!',NULL,20,6,'Pancasila adalah dasar negara Indonesia yang terdiri dari lima sila','2026-05-11 04:22:11','2026-05-11 04:22:11',NULL);
/*!40000 ALTER TABLE `questions` ENABLE KEYS */;
UNLOCK TABLES;

--
-- Table structure for table `roles`
--

DROP TABLE IF EXISTS `roles`;
/*!40101 SET @saved_cs_client     = @@character_set_client */;
/*!40101 SET character_set_client = utf8 */;
CREATE TABLE `roles` (
  `id` bigint(20) unsigned NOT NULL AUTO_INCREMENT,
  `name` varchar(255) NOT NULL,
  `display_name` varchar(255) NOT NULL,
  `description` text DEFAULT NULL,
  `created_at` timestamp NULL DEFAULT NULL,
  `updated_at` timestamp NULL DEFAULT NULL,
  PRIMARY KEY (`id`),
  UNIQUE KEY `roles_name_unique` (`name`)
) ENGINE=InnoDB AUTO_INCREMENT=4 DEFAULT CHARSET=utf8mb4 COLLATE=utf8mb4_unicode_ci;
/*!40101 SET character_set_client = @saved_cs_client */;

--
-- Dumping data for table `roles`
--

LOCK TABLES `roles` WRITE;
/*!40000 ALTER TABLE `roles` DISABLE KEYS */;
INSERT INTO `roles` VALUES (1,'admin','Administrator','Administrator sistem dengan akses penuh','2026-01-29 12:18:51','2026-01-29 12:18:52'),(2,'teacher','Guru','Guru yang dapat membuat dan mengelola ujian','2026-01-29 12:18:51','2026-01-29 12:18:52'),(3,'student','Siswa','Siswa yang dapat mengikuti ujian','2026-01-29 12:18:51','2026-01-29 12:18:52');
/*!40000 ALTER TABLE `roles` ENABLE KEYS */;
UNLOCK TABLES;

--
-- Table structure for table `sessions`
--

DROP TABLE IF EXISTS `sessions`;
/*!40101 SET @saved_cs_client     = @@character_set_client */;
/*!40101 SET character_set_client = utf8 */;
CREATE TABLE `sessions` (
  `id` varchar(255) NOT NULL,
  `user_id` bigint(20) unsigned DEFAULT NULL,
  `ip_address` varchar(45) DEFAULT NULL,
  `user_agent` text DEFAULT NULL,
  `payload` longtext NOT NULL,
  `last_activity` int(11) NOT NULL,
  PRIMARY KEY (`id`),
  KEY `sessions_user_id_index` (`user_id`),
  KEY `sessions_last_activity_index` (`last_activity`)
) ENGINE=InnoDB DEFAULT CHARSET=utf8mb4 COLLATE=utf8mb4_unicode_ci;
/*!40101 SET character_set_client = @saved_cs_client */;

--
-- Dumping data for table `sessions`
--

LOCK TABLES `sessions` WRITE;
/*!40000 ALTER TABLE `sessions` DISABLE KEYS */;
INSERT INTO `sessions` VALUES ('4fXrjJgmgJb7lee2xN9vetnu7OOWz5SYRDRmhjGi',NULL,'127.0.0.1','Mozilla/5.0 (Windows NT 10.0; Win64; x64) AppleWebKit/537.36 (KHTML, like Gecko) HeadlessChrome/141.0.7390.37 Safari/537.36','YTozOntzOjY6Il90b2tlbiI7czo0MDoiMHhBRDhSQkNhQnJ0UmZBSW9DSmhyeU82VTJKQlhSeVRpV3Rid0x3MiI7czo5OiJfcHJldmlvdXMiO2E6MTp7czozOiJ1cmwiO3M6Mjc6Imh0dHA6Ly8xMjcuMC4wLjE6ODAyNC9sb2dpbiI7fXM6NjoiX2ZsYXNoIjthOjI6e3M6Mzoib2xkIjthOjA6e31zOjM6Im5ldyI7YTowOnt9fX0=',1780954989),('5sf90sJuSRHIMz6AHB8G9YfPIWHQEmsrJcfJVEJw',3,'127.0.0.1','Mozilla/5.0 (Windows NT 10.0; Win64; x64) AppleWebKit/537.36 (KHTML, like Gecko) HeadlessChrome/141.0.7390.37 Safari/537.36','YTo0OntzOjY6Il90b2tlbiI7czo0MDoiTmVldDJGOHZPOVpweVN3cVhsRm1lOTNGTUpwTW0zdVk5NGY3bnVmayI7czo5OiJfcHJldmlvdXMiO2E6MTp7czozOiJ1cmwiO3M6NDk6Imh0dHA6Ly8xMjcuMC4wLjE6ODAyNC9zdHVkZW50L2V4YW1zLzU0MC9wcmUtY2hlY2siO31zOjY6Il9mbGFzaCI7YToyOntzOjM6Im9sZCI7YTowOnt9czozOiJuZXciO2E6MDp7fX1zOjUwOiJsb2dpbl93ZWJfNTliYTM2YWRkYzJiMmY5NDAxNTgwZjAxNGM3ZjU4ZWE0ZTMwOTg5ZCI7aTozO30=',1780955073),('7H6UgEp97EVZG2YR0d5q8aCfASZGN3X0ozZcx0rL',6,'127.0.0.1','Mozilla/5.0 (Windows NT 10.0; Win64; x64) AppleWebKit/537.36 (KHTML, like Gecko) Chrome/149.0.0.0 Safari/537.36 Edg/149.0.0.0','YTo0OntzOjY6Il90b2tlbiI7czo0MDoiN01Xc09uNmRTS2NIeTRMY1IyeFZtSmFDcHVFTGhHYzZjRHhpenM0WiI7czo5OiJfcHJldmlvdXMiO2E6MTp7czozOiJ1cmwiO3M6NDk6Imh0dHA6Ly9sb2NhbGhvc3Q6ODAwMC9zdHVkZW50L2F0dGVtcHRzLzQ4NC9yZXN1bHQiO31zOjY6Il9mbGFzaCI7YToyOntzOjM6Im9sZCI7YTowOnt9czozOiJuZXciO2E6MDp7fX1zOjUwOiJsb2dpbl93ZWJfNTliYTM2YWRkYzJiMmY5NDAxNTgwZjAxNGM3ZjU4ZWE0ZTMwOTg5ZCI7aTo2O30=',1781348914),('7zSPgVW1zwcxmkf3EYaFYvjLaQK5cR5HIjeZZrvP',7,'127.0.0.1','Mozilla/5.0 (Windows NT 10.0; Win64; x64) AppleWebKit/537.36 (KHTML, like Gecko) Chrome/149.0.0.0 Safari/537.36 Edg/149.0.0.0','YTo0OntzOjY6Il90b2tlbiI7czo0MDoiamNXem16dXptaHk3cHFFQ0lxNmRYWHJ3dFRSZkN5cEtmQTR5Z2VhdiI7czo5OiJfcHJldmlvdXMiO2E6MTp7czozOiJ1cmwiO3M6NDU6Imh0dHA6Ly9sb2NhbGhvc3Q6ODAwMC9wcm9jdG9yaW5nL3NuYXBzaG90LzIwNSI7fXM6NjoiX2ZsYXNoIjthOjI6e3M6Mzoib2xkIjthOjA6e31zOjM6Im5ldyI7YTowOnt9fXM6NTA6ImxvZ2luX3dlYl81OWJhMzZhZGRjMmIyZjk0MDE1ODBmMDE0YzdmNThlYTRlMzA5ODlkIjtpOjc7fQ==',1781349166),('8vkDyT2ln737Ouok8KZeG7jAXzP36IDdN5Sqo1r9',NULL,'127.0.0.1','Mozilla/5.0 (Windows NT 10.0; Win64; x64) AppleWebKit/537.36 (KHTML, like Gecko) HeadlessChrome/141.0.7390.37 Safari/537.36','YTozOntzOjY6Il90b2tlbiI7czo0MDoiTEUwdGpNM0xIWFpJdlVHdkVjUHhERjg5b3RIRVlmRGdlV2NubEdMdCI7czo5OiJfcHJldmlvdXMiO2E6MTp7czozOiJ1cmwiO3M6Mjc6Imh0dHA6Ly8xMjcuMC4wLjE6ODAyNC9sb2dpbiI7fXM6NjoiX2ZsYXNoIjthOjI6e3M6Mzoib2xkIjthOjA6e31zOjM6Im5ldyI7YTowOnt9fX0=',1780955056),('Ak15OTa7oFh959A2grqrnBWKb1FvI2Ri7Z7bXu5j',NULL,'127.0.0.1','Mozilla/5.0 (Windows NT 10.0; Win64; x64) AppleWebKit/537.36 (KHTML, like Gecko) HeadlessChrome/141.0.7390.37 Safari/537.36','YTo0OntzOjY6Il90b2tlbiI7czo0MDoiSmtTRUI3NjZKVVdEM0lHQTFkNzN5cDZvdjNrcGRjVzNFSFpoTnpYdiI7czo5OiJfcHJldmlvdXMiO2E6MTp7czozOiJ1cmwiO3M6Mjc6Imh0dHA6Ly8xMjcuMC4wLjE6ODAyNC9sb2dpbiI7fXM6NjoiX2ZsYXNoIjthOjI6e3M6Mzoib2xkIjthOjA6e31zOjM6Im5ldyI7YTowOnt9fXM6MzoidXJsIjthOjE6e3M6ODoiaW50ZW5kZWQiO3M6NDY6Imh0dHA6Ly8xMjcuMC4wLjE6ODAyNC90ZWFjaGVyL2V4YW1zLzQzL3Jlc3VsdHMiO319',1780955168),('HCYlLgSYlUjUVVhpKRnG2QOXviOi3YT9eXCQ7ecg',NULL,'127.0.0.1','Mozilla/5.0 (Windows NT 10.0; Win64; x64) AppleWebKit/537.36 (KHTML, like Gecko) Code/1.124.2 Chrome/148.0.7778.97 Electron/42.2.0 Safari/537.36','YTozOntzOjY6Il90b2tlbiI7czo0MDoiWDg2aGxSUXhiUTZhRjhOVnIzQUJobG1ZTTFWT3FVdzl1MXNKTzZncyI7czo5OiJfcHJldmlvdXMiO2E6MTp7czozOiJ1cmwiO3M6MjE6Imh0dHA6Ly8xMjcuMC4wLjE6ODAwMCI7fXM6NjoiX2ZsYXNoIjthOjI6e3M6Mzoib2xkIjthOjA6e31zOjM6Im5ldyI7YTowOnt9fX0=',1781348763),('lZjZdOsID9k09QEjrNbU43XqkuR2EvAAII2J8WDR',6,'127.0.0.1','Mozilla/5.0 (Windows NT 10.0; Win64; x64) AppleWebKit/537.36 (KHTML, like Gecko) Chrome/149.0.0.0 Safari/537.36 Edg/149.0.0.0','YTo0OntzOjY6Il90b2tlbiI7czo0MDoia2kzZng3em1yMzkyNmR2S1JFU0MzTzJ5bUF4Z1ZTdDZaU2dvRDltTSI7czo5OiJfcHJldmlvdXMiO2E6MTp7czozOiJ1cmwiO3M6NDc6Imh0dHA6Ly9sb2NhbGhvc3Q6ODAwMC9zdHVkZW50L2F0dGVtcHRzLzQ4My90YWtlIjt9czo2OiJfZmxhc2giO2E6Mjp7czozOiJvbGQiO2E6MDp7fXM6MzoibmV3IjthOjA6e319czo1MDoibG9naW5fd2ViXzU5YmEzNmFkZGMyYjJmOTQwMTU4MGYwMTRjN2Y1OGVhNGUzMDk4OWQiO2k6Njt9',1781305682),('pORKYQNcdX9kkJy1f8gVwf2mHPUqEcPEuPAWcsXX',NULL,'127.0.0.1','Mozilla/5.0 (Windows NT; Windows NT 10.0; en-US) WindowsPowerShell/5.1.26100.8521','YTozOntzOjY6Il90b2tlbiI7czo0MDoiR2ZsZm13WExvdzFzWEU0eVZ6UmQySHpuWThqNjNhdnVCSGRZVGV5dSI7czo5OiJfcHJldmlvdXMiO2E6MTp7czozOiJ1cmwiO3M6MjE6Imh0dHA6Ly8xMjcuMC4wLjE6ODAyNCI7fXM6NjoiX2ZsYXNoIjthOjI6e3M6Mzoib2xkIjthOjA6e31zOjM6Im5ldyI7YTowOnt9fX0=',1780954641),('rQWCDvUW8yQYFPzXJQi2DIPCVajROJD71SmJV50D',NULL,'127.0.0.1','Mozilla/5.0 (Windows NT 10.0; Win64; x64) AppleWebKit/537.36 (KHTML, like Gecko) HeadlessChrome/141.0.7390.37 Safari/537.36','YTozOntzOjY6Il90b2tlbiI7czo0MDoiY2VRWW10OW9FQUkzV0k5Q0NKYW1aa0d5RHJ5bDBtd1NwWVRwdExyeiI7czo5OiJfcHJldmlvdXMiO2E6MTp7czozOiJ1cmwiO3M6Mjc6Imh0dHA6Ly8xMjcuMC4wLjE6ODAyNC9sb2dpbiI7fXM6NjoiX2ZsYXNoIjthOjI6e3M6Mzoib2xkIjthOjA6e31zOjM6Im5ldyI7YTowOnt9fX0=',1780954987),('XsNj3Hh0qQ2pQb6ya4IpcMujQxzZZq2UFbrAQW3s',1,'127.0.0.1','Mozilla/5.0 (Windows NT 10.0; Win64; x64) AppleWebKit/537.36 (KHTML, like Gecko) HeadlessChrome/141.0.7390.37 Safari/537.36','YTo0OntzOjY6Il90b2tlbiI7czo0MDoiRXZ6VUFxb1ZhVlEzTjlLZFZoN2hoQXllbUp0SXh1QUpERlpIbFRidSI7czo5OiJfcHJldmlvdXMiO2E6MTp7czozOiJ1cmwiO3M6MzU6Imh0dHA6Ly8xMjcuMC4wLjE6ODAyNC9hZG1pbi9jbGFzc2VzIjt9czo2OiJfZmxhc2giO2E6Mjp7czozOiJvbGQiO2E6MDp7fXM6MzoibmV3IjthOjA6e319czo1MDoibG9naW5fd2ViXzU5YmEzNmFkZGMyYjJmOTQwMTU4MGYwMTRjN2Y1OGVhNGUzMDk4OWQiO2k6MTt9',1780955062),('Y6SGLLE9H0X4b4qEgT72s14tU9rkzAbfOB5Gr6lb',2,'127.0.0.1','Mozilla/5.0 (Windows NT 10.0; Win64; x64) AppleWebKit/537.36 (KHTML, like Gecko) HeadlessChrome/141.0.7390.37 Safari/537.36','YTo0OntzOjY6Il90b2tlbiI7czo0MDoicktsWGFhbzZJR2FPTkNzUkFodnZQQXFnTGR5VFlQVms0d0pzb3JMbCI7czo5OiJfcHJldmlvdXMiO2E6MTp7czozOiJ1cmwiO3M6MzU6Imh0dHA6Ly8xMjcuMC4wLjE6ODAyNC90ZWFjaGVyL2V4YW1zIjt9czo2OiJfZmxhc2giO2E6Mjp7czozOiJvbGQiO2E6MDp7fXM6MzoibmV3IjthOjA6e319czo1MDoibG9naW5fd2ViXzU5YmEzNmFkZGMyYjJmOTQwMTU4MGYwMTRjN2Y1OGVhNGUzMDk4OWQiO2k6Mjt9',1780955066);
/*!40000 ALTER TABLE `sessions` ENABLE KEYS */;
UNLOCK TABLES;

--
-- Table structure for table `users`
--

DROP TABLE IF EXISTS `users`;
/*!40101 SET @saved_cs_client     = @@character_set_client */;
/*!40101 SET character_set_client = utf8 */;
CREATE TABLE `users` (
  `id` bigint(20) unsigned NOT NULL AUTO_INCREMENT,
  `role_id` bigint(20) unsigned NOT NULL,
  `class_id` bigint(20) unsigned DEFAULT NULL,
  `name` varchar(255) NOT NULL,
  `email` varchar(255) NOT NULL,
  `student_id` varchar(255) DEFAULT NULL,
  `phone` varchar(255) DEFAULT NULL,
  `avatar` varchar(255) DEFAULT NULL,
  `is_active` tinyint(1) NOT NULL DEFAULT 1,
  `is_approved` tinyint(1) NOT NULL DEFAULT 1,
  `approved_at` timestamp NULL DEFAULT NULL,
  `approved_by` bigint(20) unsigned DEFAULT NULL,
  `last_login_at` timestamp NULL DEFAULT NULL,
  `last_login_ip` varchar(255) DEFAULT NULL,
  `password` varchar(255) NOT NULL,
  `remember_token` varchar(100) DEFAULT NULL,
  `created_at` timestamp NULL DEFAULT NULL,
  `updated_at` timestamp NULL DEFAULT NULL,
  `email_verified_at` timestamp NULL DEFAULT NULL,
  PRIMARY KEY (`id`),
  UNIQUE KEY `users_email_unique` (`email`),
  KEY `users_role_id_index` (`role_id`),
  KEY `users_student_id_index` (`student_id`),
  KEY `users_is_active_index` (`is_active`),
  KEY `users_approved_by_foreign` (`approved_by`),
  KEY `users_class_id_foreign` (`class_id`),
  CONSTRAINT `users_approved_by_foreign` FOREIGN KEY (`approved_by`) REFERENCES `users` (`id`) ON DELETE SET NULL,
  CONSTRAINT `users_class_id_foreign` FOREIGN KEY (`class_id`) REFERENCES `classes` (`id`) ON DELETE SET NULL,
  CONSTRAINT `users_role_id_foreign` FOREIGN KEY (`role_id`) REFERENCES `roles` (`id`)
) ENGINE=InnoDB AUTO_INCREMENT=973 DEFAULT CHARSET=utf8mb4 COLLATE=utf8mb4_unicode_ci;
/*!40101 SET character_set_client = @saved_cs_client */;

--
-- Dumping data for table `users`
--

LOCK TABLES `users` WRITE;
/*!40000 ALTER TABLE `users` DISABLE KEYS */;
INSERT INTO `users` VALUES (1,1,NULL,'Administrator','admin@zafproctor.test',NULL,NULL,NULL,1,1,NULL,NULL,'2026-06-08 21:44:19','127.0.0.1','$2y$12$kantoQXocGOAraEYAcq5FO6pM0Ezmu1iYdE4o/1FNif6V4fCjJE3C',NULL,'2026-01-29 12:18:52','2026-06-08 21:44:19',NULL),(2,2,NULL,'Ibu Guru Demo','guru@zafproctor.test',NULL,NULL,NULL,1,1,'2026-01-29 12:18:53',NULL,'2026-06-08 21:44:24','127.0.0.1','$2y$12$41vh2HRDMczpyvxNS1TES.h5Irm/sNoc9rqhY4myP5lTOiiFA82N6',NULL,'2026-01-29 12:18:53','2026-06-08 21:44:24',NULL),(3,3,NULL,'Ahmad Siswa','siswa1@zafproctor.test','SD001',NULL,NULL,1,1,NULL,NULL,'2026-06-08 21:44:28','127.0.0.1','$2y$12$xsffYrPtzeXjaMFl2WAegu3j/F5.gNLYhbghFaWjtp//8zSFc2B6O',NULL,'2026-01-29 12:18:53','2026-06-08 21:44:28',NULL),(4,3,NULL,'Budi Pelajar','siswa2@zafproctor.test','SD002',NULL,NULL,1,1,NULL,NULL,NULL,NULL,'$2y$12$E4b5p9PWvhZgZ6ToWSiwOe7R93WfSojA8vylrRK/tCDV3T/F8ZbuW',NULL,'2026-01-29 12:18:53','2026-01-29 12:18:53',NULL),(5,3,NULL,'Citra Murid','siswa3@zafproctor.test','SD003',NULL,NULL,1,1,NULL,NULL,NULL,NULL,'$2y$12$YNQeze3uSSqbrWtTdXt8wuuyM8GO.pH3tnwUOc4WVdQGLRc18u6k6',NULL,'2026-01-29 12:18:53','2026-01-29 12:18:53',NULL),(6,3,NULL,'ZULFA AZKA FARISADILAH','zulfa@nazi.com','123',NULL,NULL,1,1,NULL,NULL,'2026-06-13 11:06:31','127.0.0.1','$2y$12$ff/pThoONbV9B1qi.0GwIOQM2tUeaZAyXKKDjHKU06U2MPgMJ3iOe','1a8TdiaYcHo3XfeSPKVtlr380gEHJ3pdImZWKgly1R73ego5Y0QDfJhMk8vk','2026-01-29 12:29:38','2026-06-13 11:06:31',NULL),(7,2,NULL,'zulfa','zulfa@nazi1.com',NULL,'0123123123',NULL,1,1,'2026-01-29 12:31:02',1,'2026-06-13 11:07:02','127.0.0.1','$2y$12$wQdD0EO6D874nk0nj11zYOYcQtXzluzonqwvIdLV4phHPhSHexA1e',NULL,'2026-01-29 12:30:31','2026-06-13 11:07:02',NULL),(122,3,1,'zulfa','zulfaazka354@yahoo.com','1234',NULL,NULL,1,1,NULL,NULL,NULL,NULL,'$2y$12$n3NLSOBsyVVxj88/tvb1CepZ9LiTdmxw/6DjH4VjVH7V6mXkOSzX2',NULL,'2026-04-12 05:54:02','2026-04-12 05:58:24','2026-04-12 05:58:24');
/*!40000 ALTER TABLE `users` ENABLE KEYS */;
UNLOCK TABLES;

--
-- Dumping events for database 'zafproctor'
--

--
-- Dumping routines for database 'zafproctor'
--
/*!40103 SET TIME_ZONE=@OLD_TIME_ZONE */;

/*!40101 SET SQL_MODE=@OLD_SQL_MODE */;
/*!40014 SET FOREIGN_KEY_CHECKS=@OLD_FOREIGN_KEY_CHECKS */;
/*!40014 SET UNIQUE_CHECKS=@OLD_UNIQUE_CHECKS */;
/*!40101 SET CHARACTER_SET_CLIENT=@OLD_CHARACTER_SET_CLIENT */;
/*!40101 SET CHARACTER_SET_RESULTS=@OLD_CHARACTER_SET_RESULTS */;
/*!40101 SET COLLATION_CONNECTION=@OLD_COLLATION_CONNECTION */;
/*!40111 SET SQL_NOTES=@OLD_SQL_NOTES */;

-- Dump completed on 2026-06-24 12:26:49
